-- phpMyAdmin SQL Dump
-- version 5.2.1
-- https://www.phpmyadmin.net/
--
-- Host: localhost:3306
-- Generation Time: Mar 05, 2024 at 04:04 PM
-- Server version: 10.5.20-MariaDB
-- PHP Version: 7.3.33

SET SQL_MODE = "NO_AUTO_VALUE_ON_ZERO";
START TRANSACTION;
SET time_zone = "+00:00";


/*!40101 SET @OLD_CHARACTER_SET_CLIENT=@@CHARACTER_SET_CLIENT */;
/*!40101 SET @OLD_CHARACTER_SET_RESULTS=@@CHARACTER_SET_RESULTS */;
/*!40101 SET @OLD_COLLATION_CONNECTION=@@COLLATION_CONNECTION */;
/*!40101 SET NAMES utf8mb4 */;

--
-- Database: `id20418545_mpsvns2023db`
--

-- --------------------------------------------------------

--
-- Table structure for table `constants`
--

CREATE TABLE `constants` (
  `id` int(5) NOT NULL,
  `constant_key` varchar(50) NOT NULL,
  `value` varchar(100) NOT NULL
) ENGINE=InnoDB DEFAULT CHARSET=utf8 COLLATE=utf8_unicode_ci;

--
-- Dumping data for table `constants`
--

INSERT INTO `constants` (`id`, `constant_key`, `value`) VALUES
(1, 'admit-card-file-name', 'HALF YEARLY EXAM  TIME TABLE CUM ADMIT CARD 14-15.pdf'),
(2, 'admit-card-class', 'NUR'),
(3, 'oral-exam-mark-list', 'ANNUAL EXAM ORAL MARKS .pdf'),
(4, 'internal-result-file-name', 'internal-exam-half-yearly-2023.pdf');

-- --------------------------------------------------------

--
-- Table structure for table `exams`
--

CREATE TABLE `exams` (
  `id` int(11) NOT NULL,
  `name` varchar(50) DEFAULT NULL
) ENGINE=InnoDB DEFAULT CHARSET=utf8 COLLATE=utf8_unicode_ci;

--
-- Dumping data for table `exams`
--

INSERT INTO `exams` (`id`, `name`) VALUES
(1, 'QUARTERLY EXAM 2023-24'),
(2, 'HALF YEARLY EXAM 2023-24');

-- --------------------------------------------------------

--
-- Table structure for table `exam_results`
--

CREATE TABLE `exam_results` (
  `id` int(11) NOT NULL,
  `admno` varchar(10) DEFAULT NULL,
  `subject_id` int(11) DEFAULT NULL,
  `exam_id` int(11) DEFAULT NULL,
  `marks` float DEFAULT NULL
) ENGINE=InnoDB DEFAULT CHARSET=utf8 COLLATE=utf8_unicode_ci;

--
-- Dumping data for table `exam_results`
--

INSERT INTO `exam_results` (`id`, `admno`, `subject_id`, `exam_id`, `marks`) VALUES
(1543, '1542', 1, 1, 77),
(1544, '1819', 1, 1, 86),
(1545, '1702', 1, 1, 77),
(1546, '1931', 1, 1, 84),
(1547, '2246', 1, 1, 45),
(1548, '1339', 1, 1, 74),
(1549, '1357', 1, 1, 70),
(1550, '2001', 1, 1, 79),
(1552, '1635', 1, 1, 65),
(1553, '1714', 1, 1, 68),
(1555, '1420', 1, 1, 78),
(1556, '2125', 1, 1, 60),
(1557, '2208', 1, 1, 67),
(1558, '2235', 1, 1, 77),
(1559, '1765', 1, 1, 82),
(1560, '1546', 1, 1, 75),
(1561, '1641', 1, 1, 65),
(1562, '1634', 1, 1, 82),
(1563, '1766', 1, 1, 65),
(1565, '1947', 1, 1, 65),
(1566, '1602', 1, 1, 62),
(1567, '1937', 1, 1, 86),
(1568, '1901', 1, 1, 69),
(1569, '1635', 1, 1, 89),
(1570, '1934', 1, 1, 86),
(1571, '2011', 1, 1, 92),
(1572, '2109', 1, 1, 78),
(1573, '2211', 1, 1, 60),
(1574, '2213', 1, 1, 94),
(1575, '2217', 1, 1, 60),
(1576, '2234', 1, 1, 70),
(1577, '2239', 1, 1, 55),
(1578, '1537', 1, 1, 50),
(1579, '1716', 1, 1, 65),
(1580, '1801', 1, 1, 87),
(1581, '1938', 1, 1, 89),
(1582, '1817', 1, 1, 93),
(1583, '1855', 1, 1, 95),
(1584, '2135', 1, 1, 65),
(1585, '1806', 1, 1, 60),
(1586, '1856', 1, 1, 73),
(1587, '1706', 1, 1, 70),
(1588, '1807', 1, 1, 72),
(1589, '2119', 1, 1, 85),
(1590, '2201', 1, 1, 64),
(1591, '2202', 1, 1, 58),
(1592, '2207', 1, 1, 87),
(1593, '2218', 1, 1, 77),
(1594, '1906', 1, 1, 65),
(1595, '1844', 1, 1, 50),
(1596, '2102', 1, 1, 60),
(1597, '2115', 1, 1, 93),
(1598, '1770', 1, 1, 88),
(1599, '1849', 1, 1, 84),
(1600, '1758', 1, 1, 85),
(1601, '1816', 1, 1, 93),
(1602, '1941', 1, 1, 85),
(1603, '1907', 1, 1, 91),
(1604, '1769', 1, 1, 87),
(1605, '1701', 1, 1, 75),
(1606, '1911', 1, 1, 63),
(1607, '1925', 1, 1, 78),
(1608, '1748', 1, 1, 76),
(1609, '1730', 1, 1, 90),
(1610, '1824', 1, 1, 58),
(1611, '1804', 1, 1, 99),
(1612, '1776', 1, 1, 69),
(1613, '1940', 1, 1, 75),
(1614, '1854', 1, 1, 69),
(1615, '1908', 1, 1, 99),
(1616, '2008', 1, 1, 70),
(1617, '2009', 1, 1, 67),
(1618, '1853', 1, 1, 91),
(1619, '2247', 1, 1, 50),
(1620, '1749', 1, 1, 84),
(1621, '2241', 1, 1, 67),
(1622, '2319', 1, 1, 59),
(1623, '2314', 1, 1, 88),
(1624, '2307', 1, 1, 84),
(1625, '2303', 1, 1, 82),
(1626, '2305', 1, 1, 76),
(1627, '2302', 1, 1, 81),
(1628, '2301', 1, 1, 76),
(1629, '2226', 1, 1, 90),
(1630, '2210', 1, 1, 84),
(1631, '2212', 1, 1, 83),
(1632, '2222', 1, 1, 84),
(1633, '2224', 1, 1, 88),
(1634, '2225', 1, 1, 85),
(1635, '2229', 1, 1, 85),
(1636, '2306', 1, 1, 74),
(1637, '2308', 1, 1, 76),
(1638, '2309', 1, 1, 85),
(1639, '2310', 1, 1, 87),
(1640, '2311', 1, 1, 82),
(1641, '1949', 1, 1, 88),
(1642, '1936', 1, 1, 70),
(1643, '2127', 1, 1, 68),
(1644, '1935', 1, 1, 91),
(1645, '1946', 1, 1, 71),
(1646, '1943', 1, 1, 80),
(1647, '2257', 1, 1, 73),
(1648, '1926', 1, 1, 85),
(1649, '2206', 1, 1, 69),
(1650, '2252', 1, 1, 65),
(1651, '2263', 1, 1, 77),
(1652, '2147', 1, 1, 83),
(1653, '2276', 1, 1, 90),
(1654, '2318', 1, 1, 75),
(1655, '2117', 1, 1, 79),
(1656, '2214', 1, 1, 65),
(1657, '2113', 1, 1, 74),
(1658, '2254', 1, 1, 84),
(1659, '2223', 1, 1, 80),
(1660, '2230', 1, 1, 75),
(1661, '2231', 1, 1, 70),
(1662, '2148', 1, 1, 82),
(1663, '2114', 1, 1, 76),
(1664, '2232', 1, 1, 79),
(1665, '2233', 1, 1, 80),
(1666, '2253', 1, 1, 78),
(1667, '2251', 1, 1, 79),
(1668, '2312', 1, 1, 76),
(1669, '2313', 1, 1, 83),
(1670, '2118', 1, 1, 90),
(1671, '1601', 1, 1, 79),
(1672, '2138', 1, 1, 60),
(1673, '1526', 1, 1, 58),
(1674, '1775', 1, 1, 69),
(1675, '1780', 1, 1, 62),
(1676, '1648', 1, 1, 63),
(1677, '1550', 1, 1, 67),
(1678, '1707', 1, 1, 72),
(1679, '1787', 1, 1, 54),
(1680, '1536', 1, 1, 52),
(1681, '1859', 1, 1, 73),
(1682, '1858', 1, 1, 81),
(1683, '2132', 1, 1, 66),
(1684, '1614', 1, 1, 67),
(1685, '1902', 1, 1, 86),
(1686, '2240', 1, 1, 65),
(1687, '2268', 1, 1, 88),
(1688, '1542', 2, 1, 82),
(1689, '1819', 2, 1, 90),
(1690, '1702', 2, 1, 74),
(1691, '1931', 2, 1, 84),
(1692, '2246', 2, 1, 49),
(1693, '1339', 2, 1, 76),
(1694, '1357', 2, 1, 67),
(1695, '2001', 2, 1, 77),
(1697, '1635', 2, 1, 55),
(1698, '1714', 2, 1, 58),
(1700, '1420', 2, 1, 66),
(1701, '2125', 2, 1, 60),
(1702, '2208', 2, 1, 55),
(1703, '2235', 2, 1, 60),
(1704, '1765', 2, 1, 89),
(1705, '1546', 2, 1, 70),
(1706, '1641', 2, 1, 69),
(1707, '1634', 2, 1, 76),
(1708, '1766', 2, 1, 66),
(1710, '1947', 2, 1, 65),
(1711, '1602', 2, 1, 70),
(1712, '1937', 2, 1, 82),
(1713, '1901', 2, 1, 58),
(1714, '1635', 2, 1, 84),
(1715, '1934', 2, 1, 80),
(1716, '2011', 2, 1, 91),
(1717, '2109', 2, 1, 80),
(1718, '2211', 2, 1, 55),
(1719, '2213', 2, 1, 88),
(1720, '2217', 2, 1, 81),
(1721, '2234', 2, 1, 65),
(1722, '2239', 2, 1, 56),
(1723, '1537', 2, 1, 55),
(1724, '1716', 2, 1, 65),
(1725, '1801', 2, 1, 95),
(1726, '1938', 2, 1, 95),
(1727, '1817', 2, 1, 95),
(1728, '1855', 2, 1, 95),
(1729, '2135', 2, 1, 67),
(1730, '1806', 2, 1, 65),
(1731, '1856', 2, 1, 70),
(1732, '1706', 2, 1, 90),
(1733, '1807', 2, 1, 75),
(1734, '2119', 2, 1, 85),
(1735, '2201', 2, 1, 10),
(1736, '2202', 2, 1, 60),
(1737, '2207', 2, 1, 87),
(1738, '2218', 2, 1, 85),
(1739, '1906', 2, 1, 66),
(1740, '1844', 2, 1, 63),
(1741, '2102', 2, 1, 75),
(1742, '2115', 2, 1, 95),
(1743, '1770', 2, 1, 82),
(1744, '1849', 2, 1, 68),
(1745, '1758', 2, 1, 65),
(1746, '1816', 2, 1, 86),
(1747, '1941', 2, 1, 72),
(1748, '1907', 2, 1, 78),
(1749, '1769', 2, 1, 81),
(1750, '1701', 2, 1, 60),
(1751, '1911', 2, 1, 65),
(1752, '1925', 2, 1, 64),
(1753, '1748', 2, 1, 66),
(1754, '1730', 2, 1, 78),
(1755, '1824', 2, 1, 0),
(1756, '1804', 2, 1, 90),
(1757, '1776', 2, 1, 69),
(1758, '1940', 2, 1, 80),
(1759, '1854', 2, 1, 88),
(1760, '1908', 2, 1, 89),
(1761, '2008', 2, 1, 53),
(1762, '2009', 2, 1, 55),
(1763, '1853', 2, 1, 87),
(1764, '2247', 2, 1, 66),
(1765, '1749', 2, 1, 69),
(1766, '2241', 2, 1, 61),
(1767, '2319', 2, 1, 55),
(1768, '2314', 2, 1, 88),
(1769, '2307', 2, 1, 84),
(1770, '2303', 2, 1, 82),
(1771, '2305', 2, 1, 74),
(1772, '2302', 2, 1, 84),
(1773, '2301', 2, 1, 76),
(1774, '2226', 2, 1, 94),
(1775, '2210', 2, 1, 74),
(1776, '2212', 2, 1, 82),
(1777, '2222', 2, 1, 76),
(1778, '2224', 2, 1, 88),
(1779, '2225', 2, 1, 82),
(1780, '2229', 2, 1, 79),
(1781, '2306', 2, 1, 74),
(1782, '2308', 2, 1, 72),
(1783, '2309', 2, 1, 80),
(1784, '2310', 2, 1, 78),
(1785, '2311', 2, 1, 78),
(1786, '1949', 2, 1, 79),
(1787, '1936', 2, 1, 75),
(1788, '2127', 2, 1, 80),
(1789, '1935', 2, 1, 88),
(1790, '1946', 2, 1, 65),
(1791, '1943', 2, 1, 92),
(1792, '2257', 2, 1, 80),
(1793, '1926', 2, 1, 79),
(1794, '2206', 2, 1, 70),
(1795, '2252', 2, 1, 77),
(1796, '2263', 2, 1, 66),
(1797, '2147', 2, 1, 84),
(1798, '2276', 2, 1, 90),
(1799, '2318', 2, 1, 70),
(1800, '2117', 2, 1, 86),
(1801, '2214', 2, 1, 70),
(1802, '2113', 2, 1, 83),
(1803, '2254', 2, 1, 90),
(1804, '2223', 2, 1, 89),
(1805, '2230', 2, 1, 90),
(1806, '2231', 2, 1, 75),
(1807, '2148', 2, 1, 89),
(1808, '2114', 2, 1, 75),
(1809, '2232', 2, 1, 78),
(1810, '2233', 2, 1, 81),
(1811, '2253', 2, 1, 80),
(1812, '2251', 2, 1, 83),
(1813, '2312', 2, 1, 78),
(1814, '2313', 2, 1, 87),
(1815, '2118', 2, 1, 92),
(1816, '1601', 2, 1, 75),
(1817, '2138', 2, 1, 70),
(1818, '1526', 2, 1, 63),
(1819, '1775', 2, 1, 94),
(1820, '1780', 2, 1, 70),
(1821, '1648', 2, 1, 54),
(1822, '1550', 2, 1, 76),
(1823, '1707', 2, 1, 80),
(1824, '1787', 2, 1, 61),
(1825, '1536', 2, 1, 75),
(1826, '1859', 2, 1, 82),
(1827, '1858', 2, 1, 86),
(1828, '2132', 2, 1, 63),
(1829, '1614', 2, 1, 83),
(1830, '1902', 2, 1, 94),
(1831, '2240', 2, 1, 71),
(1832, '2268', 2, 1, 94),
(1833, '1542', 3, 1, 83),
(1834, '1819', 3, 1, 83),
(1835, '1702', 3, 1, 86),
(1836, '1931', 3, 1, 82),
(1837, '2246', 3, 1, 53),
(1838, '1339', 3, 1, 79),
(1839, '1357', 3, 1, 78),
(1840, '2001', 3, 1, 50),
(1842, '1635', 3, 1, 78),
(1843, '1714', 3, 1, 67),
(1845, '1420', 3, 1, 76),
(1846, '2125', 3, 1, 70),
(1847, '2208', 3, 1, 71),
(1848, '2235', 3, 1, 86),
(1849, '1765', 3, 1, 88),
(1850, '1546', 3, 1, 85),
(1851, '1641', 3, 1, 62),
(1852, '1634', 3, 1, 75),
(1853, '1766', 3, 1, 65),
(1855, '1947', 3, 1, 70),
(1856, '1602', 3, 1, 65),
(1857, '1937', 3, 1, 80),
(1858, '1901', 3, 1, 60),
(1859, '1635', 3, 1, 85),
(1860, '1934', 3, 1, 83),
(1861, '2011', 3, 1, 93),
(1862, '2109', 3, 1, 83),
(1863, '2211', 3, 1, 60),
(1864, '2213', 3, 1, 90),
(1865, '2217', 3, 1, 75),
(1866, '2234', 3, 1, 85),
(1867, '2239', 3, 1, 62),
(1868, '1537', 3, 1, 56),
(1869, '1716', 3, 1, 70),
(1870, '1801', 3, 1, 85),
(1871, '1938', 3, 1, 90),
(1872, '1817', 3, 1, 95),
(1873, '1855', 3, 1, 93),
(1874, '2135', 3, 1, 70),
(1875, '1806', 3, 1, 60),
(1876, '1856', 3, 1, 79),
(1877, '1706', 3, 1, 67),
(1878, '1807', 3, 1, 86),
(1879, '2119', 3, 1, 90),
(1880, '2201', 3, 1, 85),
(1881, '2202', 3, 1, 65),
(1882, '2207', 3, 1, 90),
(1883, '2218', 3, 1, 85),
(1884, '1906', 3, 1, 65),
(1885, '1844', 3, 1, 55),
(1886, '2102', 3, 1, 65),
(1887, '2115', 3, 1, 95),
(1888, '1770', 3, 1, 85),
(1889, '1849', 3, 1, 77),
(1890, '1758', 3, 1, 86),
(1891, '1816', 3, 1, 88),
(1892, '1941', 3, 1, 65),
(1893, '1907', 3, 1, 88),
(1894, '1769', 3, 1, 80),
(1895, '1701', 3, 1, 66),
(1896, '1911', 3, 1, 60),
(1897, '1925', 3, 1, 65),
(1898, '1748', 3, 1, 75),
(1899, '1730', 3, 1, 86),
(1900, '1824', 3, 1, 75),
(1901, '1804', 3, 1, 92),
(1902, '1776', 3, 1, 74),
(1903, '1940', 3, 1, 85),
(1904, '1854', 3, 1, 94),
(1905, '1908', 3, 1, 93),
(1906, '2008', 3, 1, 65),
(1907, '2009', 3, 1, 55),
(1908, '1853', 3, 1, 77),
(1909, '2247', 3, 1, 50),
(1910, '1749', 3, 1, 84),
(1911, '2241', 3, 1, 65),
(1912, '2319', 3, 1, 70),
(1913, '2314', 3, 1, 92),
(1914, '2307', 3, 1, 85),
(1915, '2303', 3, 1, 84),
(1916, '2305', 3, 1, 84),
(1917, '2302', 3, 1, 81),
(1918, '2301', 3, 1, 76),
(1919, '2226', 3, 1, 95),
(1920, '2210', 3, 1, 76),
(1921, '2212', 3, 1, 85),
(1922, '2222', 3, 1, 80),
(1923, '2224', 3, 1, 89),
(1924, '2225', 3, 1, 85),
(1925, '2229', 3, 1, 78),
(1926, '2306', 3, 1, 75),
(1927, '2308', 3, 1, 71),
(1928, '2309', 3, 1, 87),
(1929, '2310', 3, 1, 80),
(1930, '2311', 3, 1, 78),
(1931, '1949', 3, 1, 85),
(1932, '1936', 3, 1, 70),
(1933, '2127', 3, 1, 87),
(1934, '1935', 3, 1, 87),
(1935, '1946', 3, 1, 80),
(1936, '1943', 3, 1, 90),
(1937, '2257', 3, 1, 86),
(1938, '1926', 3, 1, 85),
(1939, '2206', 3, 1, 59),
(1940, '2252', 3, 1, 65),
(1941, '2263', 3, 1, 62),
(1942, '2147', 3, 1, 67),
(1943, '2276', 3, 1, 90),
(1944, '2318', 3, 1, 87),
(1945, '2117', 3, 1, 90),
(1946, '2214', 3, 1, 81),
(1947, '2113', 3, 1, 85),
(1948, '2254', 3, 1, 95),
(1949, '2223', 3, 1, 91),
(1950, '2230', 3, 1, 87),
(1951, '2231', 3, 1, 85),
(1952, '2148', 3, 1, 34),
(1953, '2114', 3, 1, 78),
(1954, '2232', 3, 1, 85),
(1955, '2233', 3, 1, 86),
(1956, '2253', 3, 1, 82),
(1957, '2251', 3, 1, 87),
(1958, '2312', 3, 1, 86),
(1959, '2313', 3, 1, 87),
(1960, '2118', 3, 1, 95),
(1961, '1601', 3, 1, 78),
(1962, '2138', 3, 1, 65),
(1963, '1526', 3, 1, 68),
(1964, '1775', 3, 1, 85),
(1965, '1780', 3, 1, 75),
(1966, '1648', 3, 1, 60),
(1967, '1550', 3, 1, 80),
(1968, '1707', 3, 1, 82),
(1969, '1787', 3, 1, 75),
(1970, '1536', 3, 1, 70),
(1971, '1859', 3, 1, 78),
(1972, '1858', 3, 1, 80),
(1973, '2132', 3, 1, 60),
(1974, '1614', 3, 1, 78),
(1975, '1902', 3, 1, 90),
(1976, '2240', 3, 1, 78),
(1977, '2268', 3, 1, 93),
(1978, '1542', 4, 1, 84),
(1979, '1819', 4, 1, 89),
(1980, '1702', 4, 1, 75),
(1981, '1931', 4, 1, 87),
(1982, '2246', 4, 1, 50),
(1983, '1339', 4, 1, 70),
(1984, '1357', 4, 1, 65),
(1985, '2001', 4, 1, 70),
(1987, '1635', 4, 1, 75),
(1988, '1714', 4, 1, 78),
(1990, '1420', 4, 1, 79),
(1991, '2125', 4, 1, 72),
(1992, '2208', 4, 1, 68),
(1993, '2235', 4, 1, 62),
(1994, '1765', 4, 1, 85),
(1995, '1546', 4, 1, 80),
(1996, '1641', 4, 1, 72),
(1997, '1634', 4, 1, 77),
(1998, '1766', 4, 1, 67),
(2000, '1947', 4, 1, 72),
(2001, '1602', 4, 1, 70),
(2002, '1937', 4, 1, 82),
(2003, '1901', 4, 1, 68),
(2004, '1635', 4, 1, 87),
(2005, '1934', 4, 1, 87),
(2006, '2011', 4, 1, 91),
(2007, '2109', 4, 1, 80),
(2008, '2211', 4, 1, 60),
(2009, '2213', 4, 1, 89),
(2010, '2217', 4, 1, 78),
(2011, '2234', 4, 1, 74),
(2012, '2239', 4, 1, 65),
(2013, '1537', 4, 1, 54),
(2014, '1716', 4, 1, 66),
(2015, '1801', 4, 1, 87),
(2016, '1938', 4, 1, 89),
(2017, '1817', 4, 1, 92),
(2018, '1855', 4, 1, 81),
(2019, '2135', 4, 1, 76),
(2020, '1806', 4, 1, 60),
(2021, '1856', 4, 1, 70),
(2022, '1706', 4, 1, 78),
(2023, '1807', 4, 1, 73),
(2024, '2119', 4, 1, 80),
(2025, '2201', 4, 1, 70),
(2026, '2202', 4, 1, 0),
(2027, '2207', 4, 1, 75),
(2028, '2218', 4, 1, 80),
(2029, '1906', 4, 1, 63),
(2030, '1844', 4, 1, 65),
(2031, '2102', 4, 1, 80),
(2032, '2115', 4, 1, 92),
(2033, '1770', 4, 1, 90),
(2034, '1849', 4, 1, 70),
(2035, '1758', 4, 1, 70),
(2036, '1816', 4, 1, 89),
(2037, '1941', 4, 1, 82),
(2038, '1907', 4, 1, 88),
(2039, '1769', 4, 1, 90),
(2040, '1701', 4, 1, 65),
(2041, '1911', 4, 1, 62),
(2042, '1925', 4, 1, 80),
(2043, '1748', 4, 1, 70),
(2044, '1730', 4, 1, 87),
(2045, '1824', 4, 1, 65),
(2046, '1804', 4, 1, 90),
(2047, '1776', 4, 1, 70),
(2048, '1940', 4, 1, 88),
(2049, '1854', 4, 1, 90),
(2050, '1908', 4, 1, 90),
(2051, '2008', 4, 1, 65),
(2052, '2009', 4, 1, 60),
(2053, '1853', 4, 1, 90),
(2054, '2247', 4, 1, 60),
(2055, '1749', 4, 1, 77),
(2056, '2241', 4, 1, 66),
(2057, '2319', 4, 1, 60),
(2058, '2314', 4, 1, 0),
(2059, '2307', 4, 1, 0),
(2060, '2303', 4, 1, 0),
(2061, '2305', 4, 1, 0),
(2062, '2302', 4, 1, 0),
(2063, '2301', 4, 1, 0),
(2064, '2226', 4, 1, 0),
(2065, '2210', 4, 1, 0),
(2066, '2212', 4, 1, 0),
(2067, '2222', 4, 1, 0),
(2068, '2224', 4, 1, 0),
(2069, '2225', 4, 1, 0),
(2070, '2229', 4, 1, 0),
(2071, '2306', 4, 1, 0),
(2072, '2308', 4, 1, 0),
(2073, '2309', 4, 1, 0),
(2074, '2310', 4, 1, 0),
(2075, '2311', 4, 1, 0),
(2076, '1949', 4, 1, 81),
(2077, '1936', 4, 1, 66),
(2078, '2127', 4, 1, 84),
(2079, '1935', 4, 1, 88),
(2080, '1946', 4, 1, 60),
(2081, '1943', 4, 1, 90),
(2082, '2257', 4, 1, 72),
(2083, '1926', 4, 1, 79),
(2084, '2206', 4, 1, 61),
(2085, '2252', 4, 1, 65),
(2086, '2263', 4, 1, 68),
(2087, '2147', 4, 1, 78),
(2088, '2276', 4, 1, 93),
(2089, '2318', 4, 1, 77),
(2090, '2117', 4, 1, 80),
(2091, '2214', 4, 1, 74),
(2092, '2113', 4, 1, 80),
(2093, '2254', 4, 1, 89),
(2094, '2223', 4, 1, 87),
(2095, '2230', 4, 1, 84),
(2096, '2231', 4, 1, 85),
(2097, '2148', 4, 1, 86),
(2098, '2114', 4, 1, 0),
(2099, '2232', 4, 1, 0),
(2100, '2233', 4, 1, 0),
(2101, '2253', 4, 1, 0),
(2102, '2251', 4, 1, 0),
(2103, '2312', 4, 1, 0),
(2104, '2313', 4, 1, 0),
(2105, '2118', 4, 1, 0),
(2106, '1601', 4, 1, 84),
(2107, '2138', 4, 1, 70),
(2108, '1526', 4, 1, 76),
(2109, '1775', 4, 1, 85),
(2110, '1780', 4, 1, 80),
(2111, '1648', 4, 1, 70),
(2112, '1550', 4, 1, 80),
(2113, '1707', 4, 1, 80),
(2114, '1787', 4, 1, 70),
(2115, '1536', 4, 1, 70),
(2116, '1859', 4, 1, 84),
(2117, '1858', 4, 1, 80),
(2118, '2132', 4, 1, 54),
(2119, '1614', 4, 1, 80),
(2120, '1902', 4, 1, 90),
(2121, '2240', 4, 1, 82),
(2122, '2268', 4, 1, 90),
(2123, '1542', 5, 1, 93),
(2124, '1819', 5, 1, 90),
(2125, '1702', 5, 1, 75),
(2126, '1931', 5, 1, 88),
(2127, '2246', 5, 1, 70),
(2128, '1339', 5, 1, 62),
(2129, '1357', 5, 1, 66),
(2130, '2001', 5, 1, 80),
(2132, '1635', 5, 1, 85),
(2133, '1714', 5, 1, 65),
(2135, '1420', 5, 1, 80),
(2136, '2125', 5, 1, 70),
(2137, '2208', 5, 1, 55),
(2138, '2235', 5, 1, 75),
(2139, '1765', 5, 1, 90),
(2140, '1546', 5, 1, 85),
(2141, '1641', 5, 1, 75),
(2142, '1634', 5, 1, 75),
(2143, '1766', 5, 1, 65),
(2145, '1947', 5, 1, 72),
(2146, '1602', 5, 1, 72),
(2147, '1937', 5, 1, 86),
(2148, '1901', 5, 1, 74),
(2149, '1635', 5, 1, 87),
(2150, '1934', 5, 1, 84),
(2151, '2011', 5, 1, 96),
(2152, '2109', 5, 1, 89),
(2153, '2211', 5, 1, 67),
(2154, '2213', 5, 1, 95),
(2155, '2217', 5, 1, 87),
(2156, '2234', 5, 1, 75),
(2157, '2239', 5, 1, 70),
(2158, '1537', 5, 1, 60),
(2159, '1716', 5, 1, 70),
(2160, '1801', 5, 1, 89),
(2161, '1938', 5, 1, 87),
(2162, '1817', 5, 1, 90),
(2163, '1855', 5, 1, 88),
(2164, '2135', 5, 1, 60),
(2165, '1806', 5, 1, 62),
(2166, '1856', 5, 1, 65),
(2167, '1706', 5, 1, 85),
(2168, '1807', 5, 1, 85),
(2169, '2119', 5, 1, 87),
(2170, '2201', 5, 1, 60),
(2171, '2202', 5, 1, 62),
(2172, '2207', 5, 1, 85),
(2173, '2218', 5, 1, 87),
(2174, '1906', 5, 1, 70),
(2175, '1844', 5, 1, 63),
(2176, '2102', 5, 1, 72),
(2177, '2115', 5, 1, 90),
(2178, '1770', 5, 1, 80),
(2179, '1849', 5, 1, 70),
(2180, '1758', 5, 1, 70),
(2181, '1816', 5, 1, 87),
(2182, '1941', 5, 1, 77),
(2183, '1907', 5, 1, 90),
(2184, '1769', 5, 1, 88),
(2185, '1701', 5, 1, 65),
(2186, '1911', 5, 1, 60),
(2187, '1925', 5, 1, 80),
(2188, '1748', 5, 1, 70),
(2189, '1730', 5, 1, 75),
(2190, '1824', 5, 1, 70),
(2191, '1804', 5, 1, 88),
(2192, '1776', 5, 1, 68),
(2193, '1940', 5, 1, 89),
(2194, '1854', 5, 1, 90),
(2195, '1908', 5, 1, 92),
(2196, '2008', 5, 1, 65),
(2197, '2009', 5, 1, 60),
(2198, '1853', 5, 1, 85),
(2199, '2247', 5, 1, 62),
(2200, '1749', 5, 1, 76),
(2201, '2241', 5, 1, 77),
(2202, '2319', 5, 1, 72),
(2203, '2314', 5, 1, 0),
(2204, '2307', 5, 1, 0),
(2205, '2303', 5, 1, 0),
(2206, '2305', 5, 1, 0),
(2207, '2302', 5, 1, 0),
(2208, '2301', 5, 1, 0),
(2209, '2226', 5, 1, 0),
(2210, '2210', 5, 1, 0),
(2211, '2212', 5, 1, 0),
(2212, '2222', 5, 1, 0),
(2213, '2224', 5, 1, 0),
(2214, '2225', 5, 1, 0),
(2215, '2229', 5, 1, 0),
(2216, '2306', 5, 1, 0),
(2217, '2308', 5, 1, 0),
(2218, '2309', 5, 1, 0),
(2219, '2310', 5, 1, 0),
(2220, '2311', 5, 1, 0),
(2221, '1949', 5, 1, 72),
(2222, '1936', 5, 1, 66),
(2223, '2127', 5, 1, 70),
(2224, '1935', 5, 1, 76),
(2225, '1946', 5, 1, 62),
(2226, '1943', 5, 1, 88),
(2227, '2257', 5, 1, 68),
(2228, '1926', 5, 1, 80),
(2229, '2206', 5, 1, 69),
(2230, '2252', 5, 1, 70),
(2231, '2263', 5, 1, 58),
(2232, '2147', 5, 1, 76),
(2233, '2276', 5, 1, 85),
(2234, '2318', 5, 1, 65),
(2235, '2117', 5, 1, 77),
(2236, '2214', 5, 1, 79),
(2237, '2113', 5, 1, 79),
(2238, '2254', 5, 1, 90),
(2239, '2223', 5, 1, 91),
(2240, '2230', 5, 1, 89),
(2241, '2231', 5, 1, 75),
(2242, '2148', 5, 1, 93),
(2243, '2114', 5, 1, 0),
(2244, '2232', 5, 1, 0),
(2245, '2233', 5, 1, 0),
(2246, '2253', 5, 1, 0),
(2247, '2251', 5, 1, 0),
(2248, '2312', 5, 1, 0),
(2249, '2313', 5, 1, 0),
(2250, '2118', 5, 1, 0),
(2251, '1601', 5, 1, 80),
(2252, '2138', 5, 1, 78),
(2253, '1526', 5, 1, 70),
(2254, '1775', 5, 1, 88),
(2255, '1780', 5, 1, 85),
(2256, '1648', 5, 1, 80),
(2257, '1550', 5, 1, 93),
(2258, '1707', 5, 1, 90),
(2259, '1787', 5, 1, 70),
(2260, '1536', 5, 1, 75),
(2261, '1859', 5, 1, 90),
(2262, '1858', 5, 1, 95),
(2263, '2132', 5, 1, 75),
(2264, '1614', 5, 1, 75),
(2265, '1902', 5, 1, 93),
(2266, '2240', 5, 1, 85),
(2267, '2268', 5, 1, 95),
(2268, '1542', 7, 1, 40),
(2269, '1819', 7, 1, 40),
(2270, '1702', 7, 1, 40),
(2271, '1931', 7, 1, 40),
(2272, '2246', 7, 1, 45),
(2273, '1339', 7, 1, 40),
(2274, '1357', 7, 1, 40),
(2275, '2001', 7, 1, 45),
(2277, '1635', 7, 1, 35),
(2278, '1714', 7, 1, 35),
(2280, '1420', 7, 1, 38),
(2281, '2125', 7, 1, 35),
(2282, '2208', 7, 1, 35),
(2283, '2235', 7, 1, 38),
(2284, '1765', 7, 1, 38),
(2285, '1546', 7, 1, 38),
(2286, '1641', 7, 1, 35),
(2287, '1634', 7, 1, 37),
(2288, '1766', 7, 1, 35),
(2290, '1947', 7, 1, 35),
(2291, '1602', 7, 1, 35),
(2292, '1937', 7, 1, 40),
(2293, '1901', 7, 1, 35),
(2294, '1635', 7, 1, 40),
(2295, '1934', 7, 1, 40),
(2296, '2011', 7, 1, 42),
(2297, '2109', 7, 1, 40),
(2298, '2211', 7, 1, 35),
(2299, '2213', 7, 1, 42),
(2300, '2217', 7, 1, 40),
(2301, '2234', 7, 1, 36),
(2302, '2239', 7, 1, 35),
(2303, '1537', 7, 1, 35),
(2304, '1716', 7, 1, 36),
(2305, '1801', 7, 1, 40),
(2306, '1938', 7, 1, 40),
(2307, '1817', 7, 1, 42),
(2308, '1855', 7, 1, 42),
(2309, '2135', 7, 1, 35),
(2310, '1806', 7, 1, 35),
(2311, '1856', 7, 1, 36),
(2312, '1706', 7, 1, 38),
(2313, '1807', 7, 1, 36),
(2314, '2119', 7, 1, 40),
(2315, '2201', 7, 1, 36),
(2316, '2202', 7, 1, 35),
(2317, '2207', 7, 1, 38),
(2318, '2218', 7, 1, 40),
(2319, '1906', 7, 1, 35),
(2320, '1844', 7, 1, 32),
(2321, '2102', 7, 1, 35),
(2322, '2115', 7, 1, 42),
(2323, '1770', 7, 1, 40),
(2324, '1849', 7, 1, 40),
(2325, '1758', 7, 1, 45),
(2326, '1816', 7, 1, 40),
(2327, '1941', 7, 1, 45),
(2328, '1907', 7, 1, 40),
(2329, '1769', 7, 1, 45),
(2330, '1701', 7, 1, 40),
(2331, '1911', 7, 1, 40),
(2332, '1925', 7, 1, 40),
(2333, '1748', 7, 1, 40),
(2334, '1730', 7, 1, 40),
(2335, '1824', 7, 1, 40),
(2336, '1804', 7, 1, 40),
(2337, '1776', 7, 1, 40),
(2338, '1940', 7, 1, 40),
(2339, '1854', 7, 1, 40),
(2340, '1908', 7, 1, 40),
(2341, '2008', 7, 1, 40),
(2342, '2009', 7, 1, 40),
(2343, '1853', 7, 1, 45),
(2344, '2247', 7, 1, 40),
(2345, '1749', 7, 1, 40),
(2346, '2241', 7, 1, 45),
(2347, '2319', 7, 1, 40),
(2348, '2314', 7, 1, 40),
(2349, '2307', 7, 1, 40),
(2350, '2303', 7, 1, 30),
(2351, '2305', 7, 1, 35),
(2352, '2302', 7, 1, 30),
(2353, '2301', 7, 1, 35),
(2354, '2226', 7, 1, 45),
(2355, '2210', 7, 1, 35),
(2356, '2212', 7, 1, 40),
(2357, '2222', 7, 1, 35),
(2358, '2224', 7, 1, 40),
(2359, '2225', 7, 1, 35),
(2360, '2229', 7, 1, 35),
(2361, '2306', 7, 1, 35),
(2362, '2308', 7, 1, 30),
(2363, '2309', 7, 1, 35),
(2364, '2310', 7, 1, 40),
(2365, '2311', 7, 1, 35),
(2366, '1949', 7, 1, 40),
(2367, '1936', 7, 1, 40),
(2368, '2127', 7, 1, 40),
(2369, '1935', 7, 1, 45),
(2370, '1946', 7, 1, 45),
(2371, '1943', 7, 1, 40),
(2372, '2257', 7, 1, 40),
(2373, '1926', 7, 1, 40),
(2374, '2206', 7, 1, 40),
(2375, '2252', 7, 1, 40),
(2376, '2263', 7, 1, 40),
(2377, '2147', 7, 1, 40),
(2378, '2276', 7, 1, 45),
(2379, '2318', 7, 1, 40),
(2380, '2117', 7, 1, 38),
(2381, '2214', 7, 1, 35),
(2382, '2113', 7, 1, 38),
(2383, '2254', 7, 1, 42),
(2384, '2223', 7, 1, 42),
(2385, '2230', 7, 1, 40),
(2386, '2231', 7, 1, 35),
(2387, '2148', 7, 1, 42),
(2388, '2114', 7, 1, 35),
(2389, '2232', 7, 1, 35),
(2390, '2233', 7, 1, 35),
(2391, '2253', 7, 1, 35),
(2392, '2251', 7, 1, 40),
(2393, '2312', 7, 1, 35),
(2394, '2313', 7, 1, 35),
(2395, '2118', 7, 1, 40),
(2396, '1601', 7, 1, 40),
(2397, '2138', 7, 1, 40),
(2398, '1526', 7, 1, 40),
(2399, '1775', 7, 1, 40),
(2400, '1780', 7, 1, 45),
(2401, '1648', 7, 1, 40),
(2402, '1550', 7, 1, 45),
(2403, '1707', 7, 1, 45),
(2404, '1787', 7, 1, 45),
(2405, '1536', 7, 1, 40),
(2406, '1859', 7, 1, 40),
(2407, '1858', 7, 1, 45),
(2408, '2132', 7, 1, 40),
(2409, '1614', 7, 1, 45),
(2410, '1902', 7, 1, 40),
(2411, '2240', 7, 1, 40),
(2412, '2268', 7, 1, 45),
(2413, '1542', 6, 1, 40),
(2414, '1819', 6, 1, 40),
(2415, '1702', 6, 1, 40),
(2416, '1931', 6, 1, 40),
(2417, '2246', 6, 1, 40),
(2418, '1339', 6, 1, 45),
(2419, '1357', 6, 1, 40),
(2420, '2001', 6, 1, 40),
(2422, '1635', 6, 1, 35),
(2423, '1714', 6, 1, 35),
(2425, '1420', 6, 1, 35),
(2426, '2125', 6, 1, 35),
(2427, '2208', 6, 1, 35),
(2428, '2235', 6, 1, 35),
(2429, '1765', 6, 1, 35),
(2430, '1546', 6, 1, 35),
(2431, '1641', 6, 1, 35),
(2432, '1634', 6, 1, 35),
(2433, '1766', 6, 1, 35),
(2435, '1947', 6, 1, 40),
(2436, '1602', 6, 1, 40),
(2437, '1937', 6, 1, 40),
(2438, '1901', 6, 1, 35),
(2439, '1635', 6, 1, 40),
(2440, '1934', 6, 1, 40),
(2441, '2011', 6, 1, 40),
(2442, '2109', 6, 1, 40),
(2443, '2211', 6, 1, 35),
(2444, '2213', 6, 1, 40),
(2445, '2217', 6, 1, 40),
(2446, '2234', 6, 1, 35),
(2447, '2239', 6, 1, 35),
(2448, '1537', 6, 1, 35),
(2449, '1716', 6, 1, 35),
(2450, '1801', 6, 1, 40),
(2451, '1938', 6, 1, 40),
(2452, '1817', 6, 1, 40),
(2453, '1855', 6, 1, 40),
(2454, '2135', 6, 1, 35),
(2455, '1806', 6, 1, 35),
(2456, '1856', 6, 1, 35),
(2457, '1706', 6, 1, 40),
(2458, '1807', 6, 1, 40),
(2459, '2119', 6, 1, 40),
(2460, '2201', 6, 1, 35),
(2461, '2202', 6, 1, 35),
(2462, '2207', 6, 1, 40),
(2463, '2218', 6, 1, 40),
(2464, '1906', 6, 1, 35),
(2465, '1844', 6, 1, 35),
(2466, '2102', 6, 1, 35),
(2467, '2115', 6, 1, 40),
(2468, '1770', 6, 1, 40),
(2469, '1849', 6, 1, 45),
(2470, '1758', 6, 1, 40),
(2471, '1816', 6, 1, 40),
(2472, '1941', 6, 1, 40),
(2473, '1907', 6, 1, 40),
(2474, '1769', 6, 1, 40),
(2475, '1701', 6, 1, 40),
(2476, '1911', 6, 1, 45),
(2477, '1925', 6, 1, 35),
(2478, '1748', 6, 1, 40),
(2479, '1730', 6, 1, 45),
(2480, '1824', 6, 1, 40),
(2481, '1804', 6, 1, 40),
(2482, '1776', 6, 1, 45),
(2483, '1940', 6, 1, 40),
(2484, '1854', 6, 1, 40),
(2485, '1908', 6, 1, 40),
(2486, '2008', 6, 1, 40),
(2487, '2009', 6, 1, 40),
(2488, '1853', 6, 1, 40),
(2489, '2247', 6, 1, 40),
(2490, '1749', 6, 1, 40),
(2491, '2241', 6, 1, 40),
(2492, '2319', 6, 1, 40),
(2493, '2314', 6, 1, 40),
(2494, '2307', 6, 1, 40),
(2495, '2303', 6, 1, 30),
(2496, '2305', 6, 1, 35),
(2497, '2302', 6, 1, 30),
(2498, '2301', 6, 1, 35),
(2499, '2226', 6, 1, 45),
(2500, '2210', 6, 1, 35),
(2501, '2212', 6, 1, 40),
(2502, '2222', 6, 1, 35),
(2503, '2224', 6, 1, 40),
(2504, '2225', 6, 1, 35),
(2505, '2229', 6, 1, 35),
(2506, '2306', 6, 1, 35),
(2507, '2308', 6, 1, 30),
(2508, '2309', 6, 1, 35),
(2509, '2310', 6, 1, 40),
(2510, '2311', 6, 1, 35),
(2511, '1949', 6, 1, 40),
(2512, '1936', 6, 1, 45),
(2513, '2127', 6, 1, 40),
(2514, '1935', 6, 1, 40),
(2515, '1946', 6, 1, 40),
(2516, '1943', 6, 1, 40),
(2517, '2257', 6, 1, 40),
(2518, '1926', 6, 1, 40),
(2519, '2206', 6, 1, 40),
(2520, '2252', 6, 1, 45),
(2521, '2263', 6, 1, 40),
(2522, '2147', 6, 1, 45),
(2523, '2276', 6, 1, 40),
(2524, '2318', 6, 1, 40),
(2525, '2117', 6, 1, 35),
(2526, '2214', 6, 1, 35),
(2527, '2113', 6, 1, 40),
(2528, '2254', 6, 1, 40),
(2529, '2223', 6, 1, 40),
(2530, '2230', 6, 1, 40),
(2531, '2231', 6, 1, 35),
(2532, '2148', 6, 1, 40),
(2533, '2114', 6, 1, 35),
(2534, '2232', 6, 1, 35),
(2535, '2233', 6, 1, 35),
(2536, '2253', 6, 1, 35),
(2537, '2251', 6, 1, 40),
(2538, '2312', 6, 1, 35),
(2539, '2313', 6, 1, 35),
(2540, '2118', 6, 1, 40),
(2541, '1601', 6, 1, 40),
(2542, '2138', 6, 1, 35),
(2543, '1526', 6, 1, 40),
(2544, '1775', 6, 1, 40),
(2545, '1780', 6, 1, 40),
(2546, '1648', 6, 1, 40),
(2547, '1550', 6, 1, 40),
(2548, '1707', 6, 1, 40),
(2549, '1787', 6, 1, 40),
(2550, '1536', 6, 1, 40),
(2551, '1859', 6, 1, 40),
(2552, '1858', 6, 1, 40),
(2553, '2132', 6, 1, 40),
(2554, '1614', 6, 1, 40),
(2555, '1902', 6, 1, 40),
(2556, '2240', 6, 1, 40),
(2557, '2268', 6, 1, 40),
(2558, '1542', 8, 1, 36),
(2559, '1819', 8, 1, 45),
(2560, '1702', 8, 1, 45),
(2561, '1931', 8, 1, 40),
(2562, '2246', 8, 1, 20),
(2563, '1339', 8, 1, 38),
(2564, '1357', 8, 1, 40),
(2565, '2001', 8, 1, 40),
(2567, '1635', 8, 1, 78),
(2568, '1714', 8, 1, 78),
(2570, '1420', 8, 1, 80),
(2571, '2125', 8, 1, 75),
(2572, '2208', 8, 1, 50),
(2573, '2235', 8, 1, 65),
(2574, '1765', 8, 1, 78),
(2575, '1546', 8, 1, 76),
(2576, '1641', 8, 1, 40),
(2577, '1634', 8, 1, 40),
(2578, '1766', 8, 1, 36),
(2580, '1947', 8, 1, 38),
(2581, '1602', 8, 1, 35),
(2582, '1937', 8, 1, 44),
(2583, '1901', 8, 1, 35),
(2584, '1635', 8, 1, 45),
(2585, '1934', 8, 1, 44),
(2586, '2011', 8, 1, 48),
(2587, '2109', 8, 1, 44),
(2588, '2211', 8, 1, 35),
(2589, '2213', 8, 1, 47),
(2590, '2217', 8, 1, 40),
(2591, '2234', 8, 1, 36),
(2592, '2239', 8, 1, 34),
(2593, '1537', 8, 1, 32),
(2594, '1716', 8, 1, 38),
(2595, '1801', 8, 1, 40),
(2596, '1938', 8, 1, 40),
(2597, '1817', 8, 1, 45),
(2598, '1855', 8, 1, 45),
(2599, '2135', 8, 1, 32),
(2600, '1806', 8, 1, 32),
(2601, '1856', 8, 1, 32),
(2602, '1706', 8, 1, 32),
(2603, '1807', 8, 1, 35),
(2604, '2119', 8, 1, 32),
(2605, '2201', 8, 1, 32),
(2606, '2202', 8, 1, 32),
(2607, '2207', 8, 1, 35),
(2608, '2218', 8, 1, 35),
(2609, '1906', 8, 1, 30),
(2610, '1844', 8, 1, 30),
(2611, '2102', 8, 1, 30),
(2612, '2115', 8, 1, 45),
(2613, '1770', 8, 1, 41),
(2614, '1849', 8, 1, 28),
(2615, '1758', 8, 1, 43),
(2616, '1816', 8, 1, 48),
(2617, '1941', 8, 1, 35),
(2618, '1907', 8, 1, 45),
(2619, '1769', 8, 1, 48),
(2620, '1701', 8, 1, 41),
(2621, '1911', 8, 1, 25),
(2622, '1925', 8, 1, 35),
(2623, '1748', 8, 1, 47),
(2624, '1730', 8, 1, 43),
(2625, '1824', 8, 1, 24),
(2626, '1804', 8, 1, 44),
(2627, '1776', 8, 1, 25),
(2628, '1940', 8, 1, 42),
(2629, '1854', 8, 1, 48),
(2630, '1908', 8, 1, 50),
(2631, '2008', 8, 1, 37),
(2632, '2009', 8, 1, 31),
(2633, '1853', 8, 1, 48),
(2634, '2247', 8, 1, 40),
(2635, '1749', 8, 1, 32),
(2636, '2241', 8, 1, 35),
(2637, '2319', 8, 1, 31),
(2638, '2314', 8, 1, 0),
(2639, '2307', 8, 1, 0),
(2640, '2303', 8, 1, 0),
(2641, '2305', 8, 1, 0),
(2642, '2302', 8, 1, 0),
(2643, '2301', 8, 1, 0),
(2644, '2226', 8, 1, 0),
(2645, '2210', 8, 1, 0),
(2646, '2212', 8, 1, 0),
(2647, '2222', 8, 1, 0),
(2648, '2224', 8, 1, 0),
(2649, '2225', 8, 1, 0),
(2650, '2229', 8, 1, 0),
(2651, '2306', 8, 1, 0),
(2652, '2308', 8, 1, 0),
(2653, '2309', 8, 1, 0),
(2654, '2310', 8, 1, 0),
(2655, '2311', 8, 1, 0),
(2656, '1949', 8, 1, 39),
(2657, '1936', 8, 1, 38),
(2658, '2127', 8, 1, 40),
(2659, '1935', 8, 1, 45),
(2660, '1946', 8, 1, 30),
(2661, '1943', 8, 1, 45),
(2662, '2257', 8, 1, 40),
(2663, '1926', 8, 1, 40),
(2664, '2206', 8, 1, 35),
(2665, '2252', 8, 1, 40),
(2666, '2263', 8, 1, 40),
(2667, '2147', 8, 1, 45),
(2668, '2276', 8, 1, 45),
(2669, '2318', 8, 1, 32),
(2670, '2117', 8, 1, 42),
(2671, '2214', 8, 1, 30),
(2672, '2113', 8, 1, 40),
(2673, '2254', 8, 1, 46),
(2674, '2223', 8, 1, 45),
(2675, '2230', 8, 1, 38),
(2676, '2231', 8, 1, 35),
(2677, '2148', 8, 1, 42),
(2678, '2114', 8, 1, 0),
(2679, '2232', 8, 1, 0),
(2680, '2233', 8, 1, 0),
(2681, '2253', 8, 1, 0),
(2682, '2251', 8, 1, 0),
(2683, '2312', 8, 1, 0),
(2684, '2313', 8, 1, 0),
(2685, '2118', 8, 1, 0),
(2686, '1601', 8, 1, 43),
(2687, '2138', 8, 1, 32),
(2688, '1526', 8, 1, 40),
(2689, '1775', 8, 1, 44),
(2690, '1780', 8, 1, 36),
(2691, '1648', 8, 1, 36),
(2692, '1550', 8, 1, 40),
(2693, '1707', 8, 1, 42),
(2694, '1787', 8, 1, 35),
(2695, '1536', 8, 1, 36),
(2696, '1859', 8, 1, 42),
(2697, '1858', 8, 1, 45),
(2698, '2132', 8, 1, 36),
(2699, '1614', 8, 1, 42),
(2700, '1902', 8, 1, 45),
(2701, '2240', 8, 1, 40),
(2702, '2268', 8, 1, 45),
(2703, '1542', 9, 1, 25),
(2704, '1819', 9, 1, 26),
(2705, '1702', 9, 1, 20),
(2706, '1931', 9, 1, 23),
(2707, '2246', 9, 1, 21),
(2708, '1339', 9, 1, 26),
(2709, '1357', 9, 1, 23),
(2710, '2001', 9, 1, 26),
(2712, '1635', 9, 1, 35),
(2713, '1714', 9, 1, 35),
(2715, '1420', 9, 1, 35),
(2716, '2125', 9, 1, 35),
(2717, '2208', 9, 1, 35),
(2718, '2235', 9, 1, 35),
(2719, '1765', 9, 1, 35),
(2720, '1546', 9, 1, 35),
(2721, '1641', 9, 1, 35),
(2722, '1634', 9, 1, 38),
(2723, '1766', 9, 1, 35),
(2725, '1947', 9, 1, 45),
(2726, '1602', 9, 1, 35),
(2727, '1937', 9, 1, 50),
(2728, '1901', 9, 1, 34),
(2729, '1635', 9, 1, 50),
(2730, '1934', 9, 1, 50),
(2731, '2011', 9, 1, 50),
(2732, '2109', 9, 1, 45),
(2733, '2211', 9, 1, 35),
(2734, '2213', 9, 1, 50),
(2735, '2217', 9, 1, 45),
(2736, '2234', 9, 1, 40),
(2737, '2239', 9, 1, 38),
(2738, '1537', 9, 1, 34),
(2739, '1716', 9, 1, 38),
(2740, '1801', 9, 1, 38),
(2741, '1938', 9, 1, 50),
(2742, '1817', 9, 1, 50),
(2743, '1855', 9, 1, 44),
(2744, '2135', 9, 1, 50),
(2745, '1806', 9, 1, 30),
(2746, '1856', 9, 1, 44),
(2747, '1706', 9, 1, 44),
(2748, '1807', 9, 1, 50),
(2749, '2119', 9, 1, 44),
(2750, '2201', 9, 1, 44),
(2751, '2202', 9, 1, 38),
(2752, '2207', 9, 1, 30),
(2753, '2218', 9, 1, 44),
(2754, '1906', 9, 1, 30),
(2755, '1844', 9, 1, 44),
(2756, '2102', 9, 1, 26),
(2757, '2115', 9, 1, 50),
(2758, '1770', 9, 1, 50),
(2759, '1849', 9, 1, 50),
(2760, '1758', 9, 1, 50),
(2761, '1816', 9, 1, 50),
(2762, '1941', 9, 1, 50),
(2763, '1907', 9, 1, 50),
(2764, '1769', 9, 1, 50),
(2765, '1701', 9, 1, 50),
(2766, '1911', 9, 1, 44),
(2767, '1925', 9, 1, 50),
(2768, '1748', 9, 1, 50),
(2769, '1730', 9, 1, 50),
(2770, '1824', 9, 1, 44),
(2771, '1804', 9, 1, 50),
(2772, '1776', 9, 1, 50),
(2773, '1940', 9, 1, 50),
(2774, '1854', 9, 1, 50),
(2775, '1908', 9, 1, 50),
(2776, '2008', 9, 1, 30),
(2777, '2009', 9, 1, 44),
(2778, '1853', 9, 1, 50),
(2779, '2247', 9, 1, 46),
(2780, '1749', 9, 1, 44),
(2781, '2241', 9, 1, 44),
(2782, '2319', 9, 1, 32),
(2783, '2314', 9, 1, 0),
(2784, '2307', 9, 1, 0),
(2785, '2303', 9, 1, 0),
(2786, '2305', 9, 1, 0),
(2787, '2302', 9, 1, 0),
(2788, '2301', 9, 1, 0),
(2789, '2226', 9, 1, 0),
(2790, '2210', 9, 1, 0),
(2791, '2212', 9, 1, 0),
(2792, '2222', 9, 1, 0),
(2793, '2224', 9, 1, 0),
(2794, '2225', 9, 1, 0),
(2795, '2229', 9, 1, 0),
(2796, '2306', 9, 1, 0),
(2797, '2308', 9, 1, 0),
(2798, '2309', 9, 1, 0),
(2799, '2310', 9, 1, 0),
(2800, '2311', 9, 1, 0),
(2801, '1949', 9, 1, 40),
(2802, '1936', 9, 1, 40),
(2803, '2127', 9, 1, 45),
(2804, '1935', 9, 1, 45),
(2805, '1946', 9, 1, 35),
(2806, '1943', 9, 1, 45),
(2807, '2257', 9, 1, 40),
(2808, '1926', 9, 1, 42),
(2809, '2206', 9, 1, 38),
(2810, '2252', 9, 1, 40),
(2811, '2263', 9, 1, 38),
(2812, '2147', 9, 1, 40),
(2813, '2276', 9, 1, 45),
(2814, '2318', 9, 1, 35),
(2815, '2117', 9, 1, 40),
(2816, '2214', 9, 1, 35),
(2817, '2113', 9, 1, 38),
(2818, '2254', 9, 1, 45),
(2819, '2223', 9, 1, 43),
(2820, '2230', 9, 1, 40),
(2821, '2231', 9, 1, 38),
(2822, '2148', 9, 1, 40),
(2823, '2114', 9, 1, 0),
(2824, '2232', 9, 1, 0),
(2825, '2233', 9, 1, 0),
(2826, '2253', 9, 1, 0),
(2827, '2251', 9, 1, 0),
(2828, '2312', 9, 1, 0),
(2829, '2313', 9, 1, 0),
(2830, '2118', 9, 1, 0),
(2831, '1601', 9, 1, 40),
(2832, '2138', 9, 1, 35),
(2833, '1526', 9, 1, 35),
(2834, '1775', 9, 1, 35),
(2835, '1780', 9, 1, 40),
(2836, '1648', 9, 1, 35),
(2837, '1550', 9, 1, 40),
(2838, '1707', 9, 1, 35),
(2839, '1787', 9, 1, 35),
(2840, '1536', 9, 1, 35),
(2841, '1859', 9, 1, 40),
(2842, '1858', 9, 1, 35),
(2843, '2132', 9, 1, 35),
(2844, '1614', 9, 1, 40),
(2845, '1902', 9, 1, 40),
(2846, '2240', 9, 1, 40),
(2847, '2268', 9, 1, 40),
(2848, '1542', 10, 1, 62),
(2849, '1819', 10, 1, 67),
(2850, '1702', 10, 1, 79),
(2851, '1931', 10, 1, 75),
(2852, '2246', 10, 1, 67),
(2853, '1339', 10, 1, 74),
(2854, '1357', 10, 1, 76),
(2855, '2001', 10, 1, 50),
(2857, '1635', 10, 1, 73),
(2858, '1714', 10, 1, 75),
(2860, '1420', 10, 1, 70),
(2861, '2125', 10, 1, 51),
(2862, '2208', 10, 1, 69),
(2863, '2235', 10, 1, 71),
(2864, '1765', 10, 1, 73),
(2865, '1546', 10, 1, 57),
(2866, '1641', 10, 1, 75),
(2867, '1634', 10, 1, 78),
(2868, '1766', 10, 1, 77),
(2870, '1947', 10, 1, 73),
(2871, '1602', 10, 1, 78),
(2872, '1937', 10, 1, 77),
(2873, '1901', 10, 1, 74),
(2874, '1635', 10, 1, 76),
(2875, '1934', 10, 1, 72),
(2876, '2011', 10, 1, 79),
(2877, '2109', 10, 1, 50),
(2878, '2211', 10, 1, 77),
(2879, '2213', 10, 1, 80),
(2880, '2217', 10, 1, 81),
(2881, '2234', 10, 1, 55),
(2882, '2239', 10, 1, 48),
(2883, '1537', 10, 1, 57),
(2884, '1716', 10, 1, 35),
(2885, '1801', 10, 1, 78),
(2886, '1938', 10, 1, 64),
(2887, '1817', 10, 1, 79),
(2888, '1855', 10, 1, 68),
(2889, '2135', 10, 1, 64),
(2890, '1806', 10, 1, 73),
(2891, '1856', 10, 1, 69),
(2892, '1706', 10, 1, 65),
(2893, '1807', 10, 1, 75),
(2894, '2119', 10, 1, 74),
(2895, '2201', 10, 1, 77),
(2896, '2202', 10, 1, 53),
(2897, '2207', 10, 1, 74),
(2898, '2218', 10, 1, 80),
(2899, '1906', 10, 1, 76),
(2900, '1844', 10, 1, 53),
(2901, '2102', 10, 1, 77),
(2902, '2115', 10, 1, 79),
(2903, '1770', 10, 1, 79),
(2904, '1849', 10, 1, 72),
(2905, '1758', 10, 1, 62),
(2906, '1816', 10, 1, 77),
(2907, '1941', 10, 1, 79),
(2908, '1907', 10, 1, 71),
(2909, '1769', 10, 1, 65),
(2910, '1701', 10, 1, 69),
(2911, '1911', 10, 1, 77),
(2912, '1925', 10, 1, 78),
(2913, '1748', 10, 1, 68),
(2914, '1730', 10, 1, 51),
(2915, '1824', 10, 1, 75),
(2916, '1804', 10, 1, 77),
(2917, '1776', 10, 1, 65),
(2918, '1940', 10, 1, 60),
(2919, '1854', 10, 1, 81),
(2920, '1908', 10, 1, 70),
(2921, '2008', 10, 1, 55),
(2922, '2009', 10, 1, 57),
(2923, '1853', 10, 1, 74),
(2924, '2247', 10, 1, 65),
(2925, '1749', 10, 1, 81),
(2926, '2241', 10, 1, 72),
(2927, '2319', 10, 1, 67),
(2928, '2314', 10, 1, 67),
(2929, '2307', 10, 1, 74),
(2930, '2303', 10, 1, 59),
(2931, '2305', 10, 1, 45),
(2932, '2302', 10, 1, 56),
(2933, '2301', 10, 1, 34),
(2934, '2226', 10, 1, 72),
(2935, '2210', 10, 1, 73),
(2936, '2212', 10, 1, 64),
(2937, '2222', 10, 1, 70),
(2938, '2224', 10, 1, 46),
(2939, '2225', 10, 1, 74),
(2940, '2229', 10, 1, 78),
(2941, '2306', 10, 1, 70),
(2942, '2308', 10, 1, 43),
(2943, '2309', 10, 1, 41),
(2944, '2310', 10, 1, 68),
(2945, '2311', 10, 1, 67),
(2946, '1949', 10, 1, 38),
(2947, '1936', 10, 1, 80),
(2948, '2127', 10, 1, 73),
(2949, '1935', 10, 1, 76),
(2950, '1946', 10, 1, 67),
(2951, '1943', 10, 1, 78),
(2952, '2257', 10, 1, 63),
(2953, '1926', 10, 1, 78),
(2954, '2206', 10, 1, 70),
(2955, '2252', 10, 1, 80),
(2956, '2263', 10, 1, 57),
(2957, '2147', 10, 1, 67),
(2958, '2276', 10, 1, 63),
(2959, '2318', 10, 1, 34),
(2960, '2117', 10, 1, 61),
(2961, '2214', 10, 1, 68),
(2962, '2113', 10, 1, 80),
(2963, '2254', 10, 1, 53),
(2964, '2223', 10, 1, 64),
(2965, '2230', 10, 1, 80),
(2966, '2231', 10, 1, 51),
(2967, '2148', 10, 1, 81),
(2968, '2114', 10, 1, 79),
(2969, '2232', 10, 1, 74),
(2970, '2233', 10, 1, 75),
(2971, '2253', 10, 1, 46),
(2972, '2251', 10, 1, 49),
(2973, '2312', 10, 1, 48),
(2974, '2313', 10, 1, 42),
(2975, '2118', 10, 1, 72),
(2976, '1601', 10, 1, 81),
(2977, '2138', 10, 1, 58),
(2978, '1526', 10, 1, 78),
(2979, '1775', 10, 1, 76),
(2980, '1780', 10, 1, 58),
(2981, '1648', 10, 1, 64),
(2982, '1550', 10, 1, 69),
(2983, '1707', 10, 1, 76),
(2984, '1787', 10, 1, 69),
(2985, '1536', 10, 1, 74),
(2986, '1859', 10, 1, 78),
(2987, '1858', 10, 1, 80),
(2988, '2132', 10, 1, 77),
(2989, '1614', 10, 1, 82),
(2990, '1902', 10, 1, 82),
(2991, '2240', 10, 1, 73),
(2992, '2268', 10, 1, 71),
(2993, '2314', 1, 2, 94),
(2994, '2303', 1, 2, 84),
(2995, '2304', 1, 2, 92),
(2996, '2315', 1, 2, 79),
(2997, '2302', 1, 2, 81),
(2998, '2314', 2, 2, 95),
(2999, '2303', 2, 2, 88),
(3000, '2304', 2, 2, 92),
(3001, '2315', 2, 2, 77),
(3002, '2302', 2, 2, 88),
(3003, '2314', 3, 2, 95),
(3004, '2303', 3, 2, 87),
(3005, '2304', 3, 2, 90),
(3006, '2315', 3, 2, 75),
(3007, '2302', 3, 2, 85),
(3008, '2314', 7, 2, 45),
(3009, '2303', 7, 2, 35),
(3010, '2304', 7, 2, 40),
(3011, '2315', 7, 2, 40),
(3012, '2302', 7, 2, 35),
(3013, '2314', 6, 2, 45),
(3014, '2303', 6, 2, 35),
(3015, '2304', 6, 2, 40),
(3016, '2315', 6, 2, 40),
(3017, '2302', 6, 2, 35),
(3018, '2314', 10, 2, 49),
(3019, '2303', 10, 2, 35),
(3020, '2304', 10, 2, 54),
(3021, '2315', 10, 2, 47),
(3022, '2302', 10, 2, 38),
(3023, '2226', 1, 2, 95),
(3024, '2210', 1, 2, 83),
(3025, '2212', 1, 2, 89),
(3026, '2222', 1, 2, 84),
(3027, '2224', 1, 2, 92),
(3028, '2225', 1, 2, 85),
(3029, '2229', 1, 2, 85),
(3030, '2227', 1, 2, 89),
(3031, '2306', 1, 2, 80),
(3032, '2308', 1, 2, 76),
(3033, '2309', 1, 2, 88),
(3034, '2310', 1, 2, 89),
(3035, '2311', 1, 2, 87),
(3036, '2114', 1, 2, 74),
(3037, '2101', 1, 2, 93),
(3038, '2220', 1, 2, 84),
(3039, '2221', 1, 2, 82),
(3040, '2232', 1, 2, 76),
(3041, '2233', 1, 2, 83),
(3042, '2253', 1, 2, 80),
(3043, '2251', 1, 2, 83),
(3044, '2312', 1, 2, 80),
(3045, '2313', 1, 2, 87),
(3046, '2118', 1, 2, 89),
(3047, '2226', 2, 2, 96),
(3048, '2210', 2, 2, 88),
(3049, '2212', 2, 2, 90),
(3050, '2222', 2, 2, 84),
(3051, '2224', 2, 2, 93),
(3052, '2225', 2, 2, 89),
(3053, '2229', 2, 2, 79),
(3054, '2227', 2, 2, 88),
(3055, '2306', 2, 2, 81),
(3056, '2308', 2, 2, 77),
(3057, '2309', 2, 2, 90),
(3058, '2310', 2, 2, 87),
(3059, '2311', 2, 2, 80),
(3060, '2114', 2, 2, 72),
(3061, '2101', 2, 2, 94),
(3062, '2220', 2, 2, 84),
(3063, '2221', 2, 2, 85),
(3064, '2232', 2, 2, 78),
(3065, '2233', 2, 2, 82),
(3066, '2253', 2, 2, 75),
(3067, '2251', 2, 2, 83),
(3068, '2312', 2, 2, 81),
(3069, '2313', 2, 2, 82),
(3070, '2118', 2, 2, 94),
(3071, '2226', 3, 2, 95),
(3072, '2210', 3, 2, 78),
(3073, '2212', 3, 2, 90),
(3074, '2222', 3, 2, 80),
(3075, '2224', 3, 2, 94),
(3076, '2225', 3, 2, 78),
(3077, '2229', 3, 2, 78),
(3078, '2227', 3, 2, 79),
(3079, '2306', 3, 2, 78),
(3080, '2308', 3, 2, 79),
(3081, '2309', 3, 2, 86),
(3082, '2310', 3, 2, 88),
(3083, '2311', 3, 2, 80),
(3084, '2114', 3, 2, 84),
(3085, '2101', 3, 2, 94),
(3086, '2220', 3, 2, 16),
(3087, '2221', 3, 2, 84),
(3088, '2232', 3, 2, 83),
(3089, '2233', 3, 2, 82),
(3090, '2253', 3, 2, 79),
(3091, '2251', 3, 2, 81),
(3092, '2312', 3, 2, 78),
(3093, '2313', 3, 2, 84),
(3094, '2118', 3, 2, 86),
(3095, '2226', 7, 2, 45),
(3096, '2210', 7, 2, 45),
(3097, '2212', 7, 2, 45),
(3098, '2222', 7, 2, 40),
(3099, '2224', 7, 2, 45),
(3100, '2225', 7, 2, 40),
(3101, '2229', 7, 2, 45),
(3102, '2227', 7, 2, 45),
(3103, '2306', 7, 2, 40),
(3104, '2308', 7, 2, 40),
(3105, '2309', 7, 2, 40),
(3106, '2310', 7, 2, 40),
(3107, '2311', 7, 2, 40),
(3108, '2114', 7, 2, 35),
(3109, '2101', 7, 2, 45),
(3110, '2220', 7, 2, 35),
(3111, '2221', 7, 2, 40),
(3112, '2232', 7, 2, 35),
(3113, '2233', 7, 2, 35),
(3114, '2253', 7, 2, 35),
(3115, '2251', 7, 2, 35),
(3116, '2312', 7, 2, 35),
(3117, '2313', 7, 2, 35),
(3118, '2118', 7, 2, 45),
(3119, '2226', 6, 2, 45),
(3120, '2210', 6, 2, 45),
(3121, '2212', 6, 2, 45),
(3122, '2222', 6, 2, 40),
(3123, '2224', 6, 2, 45),
(3124, '2225', 6, 2, 40),
(3125, '2229', 6, 2, 45),
(3126, '2227', 6, 2, 45),
(3127, '2306', 6, 2, 40),
(3128, '2308', 6, 2, 40),
(3129, '2309', 6, 2, 40),
(3130, '2310', 6, 2, 40),
(3131, '2311', 6, 2, 40),
(3132, '2114', 6, 2, 35),
(3133, '2101', 6, 2, 45),
(3134, '2220', 6, 2, 35),
(3135, '2221', 6, 2, 46),
(3136, '2232', 6, 2, 35),
(3137, '2233', 6, 2, 35),
(3138, '2253', 6, 2, 35),
(3139, '2251', 6, 2, 35),
(3140, '2312', 6, 2, 35),
(3141, '2313', 6, 2, 35),
(3142, '2118', 6, 2, 40),
(3143, '2226', 10, 2, 49),
(3144, '2210', 10, 2, 43),
(3145, '2212', 10, 2, 39),
(3146, '2222', 10, 2, 34),
(3147, '2224', 10, 2, 50),
(3148, '2225', 10, 2, 40),
(3149, '2229', 10, 2, 52),
(3150, '2227', 10, 2, 23),
(3151, '2306', 10, 2, 51),
(3152, '2308', 10, 2, 53),
(3153, '2309', 10, 2, 32),
(3154, '2310', 10, 2, 42),
(3155, '2311', 10, 2, 51),
(3156, '2114', 10, 2, 54),
(3157, '2101', 10, 2, 56),
(3158, '2220', 10, 2, 48),
(3159, '2221', 10, 2, 48),
(3160, '2232', 10, 2, 51),
(3161, '2233', 10, 2, 51),
(3162, '2253', 10, 2, 35),
(3163, '2251', 10, 2, 35),
(3164, '2312', 10, 2, 54),
(3165, '2313', 10, 2, 51),
(3166, '2118', 10, 2, 49),
(3167, '2117', 1, 2, 82),
(3168, '2104', 1, 2, 68),
(3169, '2113', 1, 2, 74),
(3170, '2254', 1, 2, 90),
(3171, '2223', 1, 2, 85),
(3172, '2230', 1, 2, 78),
(3173, '2231', 1, 2, 72),
(3174, '2148', 1, 2, 89),
(3175, '2010', 1, 2, 95),
(3176, '2007', 1, 2, 88),
(3177, '1949', 1, 2, 89),
(3178, '1921', 1, 2, 80),
(3179, '1936', 1, 2, 80),
(3180, '2127', 1, 2, 93),
(3181, '1935', 1, 2, 95),
(3182, '1948', 1, 2, 68),
(3183, '1943', 1, 2, 90),
(3184, '2257', 1, 2, 75),
(3185, '1926', 1, 2, 86),
(3186, '2206', 1, 2, 68),
(3187, '2242', 1, 2, 75),
(3188, '2252', 1, 2, 72),
(3189, '2263', 1, 2, 78),
(3190, '2147', 1, 2, 90),
(3191, '2276', 1, 2, 94),
(3192, '2318', 1, 2, 80),
(3193, '1770', 1, 2, 85),
(3194, '1849', 1, 2, 80),
(3195, '1758', 1, 2, 88),
(3196, '1816', 1, 2, 92),
(3198, '1907', 1, 2, 88),
(3199, '1769', 1, 2, 84),
(3200, '1701', 1, 2, 70),
(3201, '1911', 1, 2, 65),
(3202, '1925', 1, 2, 74),
(3203, '1748', 1, 2, 75),
(3204, '1730', 1, 2, 88),
(3205, '1824', 1, 2, 58),
(3206, '1804', 1, 2, 98),
(3207, '1776', 1, 2, 68),
(3208, '1854', 1, 2, 86),
(3209, '1908', 1, 2, 99),
(3210, '2008', 1, 2, 75),
(3211, '1853', 1, 2, 92),
(3212, '2247', 1, 2, 60),
(3213, '2209', 1, 2, 94),
(3214, '1749', 1, 2, 80),
(3215, '2241', 1, 2, 70),
(3216, '2319', 1, 2, 60),
(3217, '1801', 1, 2, 95),
(3218, '1938', 1, 2, 95),
(3219, '1817', 1, 2, 95),
(3220, '1855', 1, 2, 94),
(3221, '2135', 1, 2, 72),
(3222, '1806', 1, 2, 66),
(3223, '1856', 1, 2, 75),
(3224, '1706', 1, 2, 80),
(3225, '1807', 1, 2, 82),
(3226, '2119', 1, 2, 86),
(3227, '2201', 1, 2, 70),
(3228, '2207', 1, 2, 87),
(3229, '2218', 1, 2, 80),
(3230, '1906', 1, 2, 67),
(3231, '1844', 1, 2, 68),
(3232, '2102', 1, 2, 70),
(3234, '1634', 1, 2, 95),
(3235, '1766', 1, 2, 62),
(3236, '1759', 1, 2, 76),
(3237, '1947', 1, 2, 58),
(3239, '1937', 1, 2, 80),
(3240, '1901', 1, 2, 58),
(3241, '1635', 1, 2, 93),
(3242, '1934', 1, 2, 80),
(3243, '2011', 1, 2, 98),
(3244, '2109', 1, 2, 70),
(3245, '2211', 1, 2, 65),
(3246, '2213', 1, 2, 94),
(3247, '2217', 1, 2, 60),
(3249, '2239', 1, 2, 55),
(3250, '1537', 1, 2, 60),
(3251, '1716', 1, 2, 69),
(3252, '1601', 1, 2, 74),
(3253, '2138', 1, 2, 60),
(3254, '1526', 1, 2, 60),
(3255, '1775', 1, 2, 67),
(3256, '1648', 1, 2, 60),
(3257, '1550', 1, 2, 65),
(3258, '1707', 1, 2, 75),
(3259, '1536', 1, 2, 53),
(3260, '1859', 1, 2, 67),
(3261, '1858', 1, 2, 88),
(3262, '2132', 1, 2, 55),
(3263, '1614', 1, 2, 82),
(3264, '1902', 1, 2, 90),
(3265, '2208', 1, 2, 74),
(3266, '2240', 1, 2, 76),
(3267, '2268', 1, 2, 90),
(3268, '1782', 1, 2, 66),
(3269, '1536', 1, 2, 71),
(3270, '1714', 1, 2, 69),
(3272, '1420', 1, 2, 64),
(3273, '2125', 1, 2, 60),
(3274, '2235', 1, 2, 69),
(3277, '1542', 1, 2, 78),
(3278, '1819', 1, 2, 95),
(3279, '1702', 1, 2, 73),
(3280, '1931', 1, 2, 70),
(3281, '2246', 1, 2, 50),
(3282, '1339', 1, 2, 61),
(3283, '1357', 1, 2, 55),
(3284, '2001', 1, 2, 65),
(3285, '2117', 2, 2, 88),
(3286, '2104', 2, 2, 75),
(3287, '2113', 2, 2, 85),
(3288, '2254', 2, 2, 92),
(3289, '2223', 2, 2, 87),
(3290, '2230', 2, 2, 89),
(3291, '2231', 2, 2, 78),
(3292, '2148', 2, 2, 88),
(3293, '2010', 2, 2, 90),
(3294, '2007', 2, 2, 84),
(3295, '1949', 2, 2, 80),
(3296, '1921', 2, 2, 76),
(3297, '1936', 2, 2, 78),
(3298, '2127', 2, 2, 85),
(3299, '1935', 2, 2, 90),
(3300, '1948', 2, 2, 72),
(3301, '1943', 2, 2, 93),
(3302, '2257', 2, 2, 83),
(3303, '1926', 2, 2, 80),
(3304, '2206', 2, 2, 72),
(3305, '2242', 2, 2, 68),
(3306, '2252', 2, 2, 78),
(3307, '2263', 2, 2, 72),
(3308, '2147', 2, 2, 85),
(3309, '2276', 2, 2, 92),
(3310, '2318', 2, 2, 72),
(3311, '1770', 2, 2, 86),
(3312, '1849', 2, 2, 72),
(3313, '1758', 2, 2, 30),
(3314, '1816', 2, 2, 88),
(3316, '1907', 2, 2, 85),
(3317, '1769', 2, 2, 90),
(3318, '1701', 2, 2, 68),
(3319, '1911', 2, 2, 68),
(3320, '1925', 2, 2, 75),
(3321, '1748', 2, 2, 74),
(3322, '1730', 2, 2, 85),
(3323, '1824', 2, 2, 12),
(3324, '1804', 2, 2, 95),
(3325, '1776', 2, 2, 73),
(3326, '1854', 2, 2, 90),
(3327, '1908', 2, 2, 90),
(3328, '2008', 2, 2, 61),
(3329, '1853', 2, 2, 93),
(3330, '2247', 2, 2, 70),
(3331, '2209', 2, 2, 80),
(3332, '1749', 2, 2, 72),
(3333, '2241', 2, 2, 72),
(3334, '2319', 2, 2, 66),
(3335, '1801', 2, 2, 95),
(3336, '1938', 2, 2, 94),
(3337, '1817', 2, 2, 96),
(3338, '1855', 2, 2, 96),
(3339, '2135', 2, 2, 70),
(3340, '1806', 2, 2, 65),
(3341, '1856', 2, 2, 72),
(3342, '1706', 2, 2, 85),
(3343, '1807', 2, 2, 76),
(3344, '2119', 2, 2, 90),
(3345, '2201', 2, 2, 85),
(3346, '2207', 2, 2, 88),
(3347, '2218', 2, 2, 87),
(3348, '1906', 2, 2, 65),
(3349, '1844', 2, 2, 66),
(3350, '2102', 2, 2, 77),
(3352, '1634', 2, 2, 86),
(3353, '1766', 2, 2, 67),
(3354, '1759', 2, 2, 90),
(3355, '1947', 2, 2, 70),
(3357, '1937', 2, 2, 89),
(3358, '1901', 2, 2, 66),
(3359, '1635', 2, 2, 90),
(3360, '1934', 2, 2, 76),
(3361, '2011', 2, 2, 93),
(3362, '2109', 2, 2, 83),
(3363, '2211', 2, 2, 69),
(3364, '2213', 2, 2, 92),
(3365, '2217', 2, 2, 79),
(3366, '2234', 2, 2, 75),
(3367, '2239', 2, 2, 64),
(3368, '1537', 2, 2, 64),
(3369, '1716', 2, 2, 70),
(3370, '1601', 2, 2, 81),
(3371, '2138', 2, 2, 73),
(3372, '1526', 2, 2, 72),
(3373, '1775', 2, 2, 89),
(3374, '1648', 2, 2, 65),
(3375, '1550', 2, 2, 85),
(3376, '1707', 2, 2, 85),
(3377, '1536', 2, 2, 75),
(3378, '1859', 2, 2, 82),
(3379, '1858', 2, 2, 90),
(3380, '2132', 2, 2, 84),
(3381, '1614', 2, 2, 80),
(3382, '1902', 2, 2, 94),
(3383, '2208', 2, 2, 91),
(3384, '2240', 2, 2, 78),
(3385, '2268', 2, 2, 94),
(3386, '1782', 2, 2, 51),
(3387, '1536', 2, 2, 57),
(3388, '1714', 2, 2, 57),
(3390, '1420', 2, 2, 61),
(3391, '2125', 2, 2, 55),
(3392, '2235', 2, 2, 46),
(3395, '1542', 2, 2, 85),
(3396, '1819', 2, 2, 87),
(3397, '1702', 2, 2, 77),
(3398, '1931', 2, 2, 74),
(3399, '2246', 2, 2, 48),
(3400, '1339', 2, 2, 76),
(3401, '1357', 2, 2, 57),
(3402, '2001', 2, 2, 62),
(3403, '2117', 3, 2, 90),
(3404, '2104', 3, 2, 82),
(3405, '2113', 3, 2, 88),
(3406, '2254', 3, 2, 95),
(3407, '2223', 3, 2, 92),
(3408, '2230', 3, 2, 88),
(3409, '2231', 3, 2, 90),
(3410, '2148', 3, 2, 94),
(3411, '2010', 3, 2, 93),
(3412, '2007', 3, 2, 86),
(3413, '1949', 3, 2, 85),
(3414, '1921', 3, 2, 87),
(3415, '1936', 3, 2, 85),
(3416, '2127', 3, 2, 90),
(3417, '1935', 3, 2, 93),
(3418, '1948', 3, 2, 75),
(3419, '1943', 3, 2, 92),
(3420, '2257', 3, 2, 78),
(3421, '1926', 3, 2, 77),
(3422, '2206', 3, 2, 78),
(3423, '2242', 3, 2, 70),
(3424, '2252', 3, 2, 78),
(3425, '2263', 3, 2, 73),
(3426, '2147', 3, 2, 92),
(3427, '2276', 3, 2, 96),
(3428, '2318', 3, 2, 82),
(3429, '1770', 3, 2, 87),
(3430, '1849', 3, 2, 38),
(3431, '1758', 3, 2, 80),
(3432, '1816', 3, 2, 86),
(3434, '1907', 3, 2, 87),
(3435, '1769', 3, 2, 83),
(3436, '1701', 3, 2, 72),
(3437, '1911', 3, 2, 65),
(3438, '1925', 3, 2, 70),
(3439, '1748', 3, 2, 71),
(3440, '1730', 3, 2, 88),
(3441, '1824', 3, 2, 18),
(3442, '1804', 3, 2, 93),
(3443, '1776', 3, 2, 76),
(3444, '1854', 3, 2, 95),
(3445, '1908', 3, 2, 95),
(3446, '2008', 3, 2, 70),
(3447, '1853', 3, 2, 85),
(3448, '2247', 3, 2, 67),
(3449, '2209', 3, 2, 86),
(3450, '1749', 3, 2, 82),
(3451, '2241', 3, 2, 73),
(3452, '2319', 3, 2, 73),
(3453, '1801', 3, 2, 70),
(3454, '1938', 3, 2, 100),
(3455, '1817', 3, 2, 100),
(3456, '1855', 3, 2, 100),
(3457, '2135', 3, 2, 52),
(3459, '1856', 3, 2, 80),
(3460, '1706', 3, 2, 50),
(3461, '1807', 3, 2, 82),
(3462, '2119', 3, 2, 100),
(3463, '2201', 3, 2, 65),
(3464, '2207', 3, 2, 60),
(3465, '2218', 3, 2, 80),
(3466, '1906', 3, 2, 70),
(3467, '1844', 3, 2, 44),
(3468, '2102', 3, 2, 70),
(3470, '1634', 3, 2, 85),
(3471, '1766', 3, 2, 72),
(3472, '1759', 3, 2, 90),
(3473, '1947', 3, 2, 75),
(3475, '1937', 3, 2, 88),
(3476, '1901', 3, 2, 65),
(3477, '1635', 3, 2, 86),
(3478, '1934', 3, 2, 92),
(3479, '2011', 3, 2, 96),
(3480, '2109', 3, 2, 86),
(3481, '2211', 3, 2, 70),
(3482, '2213', 3, 2, 93),
(3483, '2217', 3, 2, 82),
(3484, '2234', 3, 2, 88),
(3485, '2239', 3, 2, 75),
(3486, '1537', 3, 2, 66),
(3487, '1716', 3, 2, 68),
(3488, '1601', 3, 2, 85),
(3489, '2138', 3, 2, 78),
(3490, '1526', 3, 2, 72),
(3491, '1775', 3, 2, 93),
(3492, '1648', 3, 2, 71),
(3493, '1550', 3, 2, 85),
(3494, '1707', 3, 2, 85),
(3495, '1536', 3, 2, 76),
(3496, '1859', 3, 2, 85),
(3497, '1858', 3, 2, 85),
(3498, '2132', 3, 2, 68),
(3499, '1614', 3, 2, 83),
(3500, '1902', 3, 2, 93),
(3501, '2208', 3, 2, 92),
(3502, '2240', 3, 2, 82),
(3503, '2268', 3, 2, 96),
(3504, '1782', 3, 2, 81),
(3505, '1536', 3, 2, 76),
(3506, '1714', 3, 2, 72),
(3508, '1420', 3, 2, 78),
(3509, '2125', 3, 2, 79),
(3510, '2235', 3, 2, 86),
(3513, '1542', 3, 2, 78),
(3514, '1819', 3, 2, 76),
(3515, '1702', 3, 2, 69),
(3516, '1931', 3, 2, 79),
(3517, '2246', 3, 2, 47),
(3518, '1339', 3, 2, 59),
(3519, '1357', 3, 2, 48),
(3520, '2001', 3, 2, 50),
(3521, '2117', 4, 2, 84),
(3522, '2104', 4, 2, 75),
(3523, '2113', 4, 2, 81),
(3524, '2254', 4, 2, 88),
(3525, '2223', 4, 2, 89),
(3526, '2230', 4, 2, 84),
(3527, '2231', 4, 2, 82),
(3528, '2148', 4, 2, 90),
(3529, '2010', 4, 2, 92),
(3530, '2007', 4, 2, 82),
(3531, '1949', 4, 2, 75),
(3532, '1921', 4, 2, 76),
(3533, '1936', 4, 2, 76),
(3534, '2127', 4, 2, 83),
(3535, '1935', 4, 2, 92),
(3536, '1948', 4, 2, 67),
(3537, '1943', 4, 2, 89),
(3538, '2257', 4, 2, 76),
(3539, '1926', 4, 2, 79),
(3540, '2206', 4, 2, 76),
(3541, '2242', 4, 2, 76),
(3542, '2252', 4, 2, 77),
(3543, '2263', 4, 2, 67),
(3544, '2147', 4, 2, 86),
(3545, '2276', 4, 2, 91),
(3546, '2318', 4, 2, 71),
(3547, '1770', 4, 2, 94),
(3548, '1849', 4, 2, 80),
(3549, '1758', 4, 2, 75),
(3550, '1816', 4, 2, 94),
(3552, '1907', 4, 2, 93),
(3553, '1769', 4, 2, 94),
(3554, '1701', 4, 2, 75),
(3555, '1911', 4, 2, 75),
(3556, '1925', 4, 2, 82),
(3557, '1748', 4, 2, 70),
(3558, '1730', 4, 2, 90),
(3559, '1824', 4, 2, 12),
(3560, '1804', 4, 2, 95),
(3561, '1776', 4, 2, 80),
(3562, '1854', 4, 2, 90),
(3563, '1908', 4, 2, 92),
(3564, '2008', 4, 2, 32),
(3565, '1853', 4, 2, 94),
(3566, '2247', 4, 2, 72),
(3567, '2209', 4, 2, 94),
(3568, '1749', 4, 2, 78),
(3569, '2241', 4, 2, 68),
(3570, '2319', 4, 2, 65),
(3571, '1801', 4, 2, 92),
(3572, '1938', 4, 2, 94),
(3573, '1817', 4, 2, 94),
(3574, '1855', 4, 2, 94),
(3575, '2135', 4, 2, 75),
(3576, '1806', 4, 2, 67),
(3577, '1856', 4, 2, 73),
(3578, '1706', 4, 2, 80),
(3579, '1807', 4, 2, 81),
(3580, '2119', 4, 2, 82),
(3581, '2201', 4, 2, 87),
(3582, '2207', 4, 2, 80),
(3583, '2218', 4, 2, 82),
(3584, '1906', 4, 2, 70),
(3585, '1844', 4, 2, 75),
(3586, '2102', 4, 2, 73),
(3588, '1634', 4, 2, 95),
(3589, '1766', 4, 2, 71),
(3590, '1759', 4, 2, 95),
(3591, '1947', 4, 2, 77),
(3593, '1937', 4, 2, 93),
(3594, '1901', 4, 2, 72),
(3595, '1635', 4, 2, 92),
(3596, '1934', 4, 2, 91),
(3597, '2011', 4, 2, 94),
(3598, '2109', 4, 2, 93),
(3599, '2211', 4, 2, 70),
(3600, '2213', 4, 2, 92),
(3601, '2217', 4, 2, 81),
(3602, '2234', 4, 2, 76),
(3603, '2239', 4, 2, 68),
(3604, '1537', 4, 2, 65),
(3605, '1716', 4, 2, 77),
(3606, '1601', 4, 2, 80),
(3607, '2138', 4, 2, 56),
(3608, '1526', 4, 2, 63),
(3609, '1775', 4, 2, 86),
(3610, '1648', 4, 2, 62),
(3611, '1550', 4, 2, 73),
(3612, '1707', 4, 2, 78),
(3613, '1536', 4, 2, 78),
(3614, '1859', 4, 2, 80),
(3615, '1858', 4, 2, 87),
(3616, '2132', 4, 2, 64),
(3617, '1614', 4, 2, 86),
(3618, '1902', 4, 2, 94),
(3619, '2208', 4, 2, 86),
(3620, '2240', 4, 2, 70),
(3621, '2268', 4, 2, 94),
(3622, '1782', 4, 2, 63),
(3623, '1536', 4, 2, 80),
(3624, '1714', 4, 2, 70),
(3626, '1420', 4, 2, 82),
(3627, '2125', 4, 2, 73),
(3628, '2235', 4, 2, 68),
(3631, '1542', 4, 2, 96),
(3632, '1819', 4, 2, 96),
(3633, '1702', 4, 2, 90),
(3634, '1931', 4, 2, 94),
(3635, '2246', 4, 2, 70),
(3636, '1339', 4, 2, 82),
(3637, '1357', 4, 2, 56),
(3638, '2001', 4, 2, 66),
(3639, '2117', 5, 2, 80),
(3640, '2104', 5, 2, 80),
(3641, '2113', 5, 2, 79),
(3642, '2254', 5, 2, 91),
(3643, '2223', 5, 2, 92),
(3644, '2230', 5, 2, 89),
(3645, '2231', 5, 2, 80),
(3646, '2148', 5, 2, 94),
(3647, '2010', 5, 2, 90),
(3648, '2007', 5, 2, 83),
(3649, '1949', 5, 2, 80),
(3650, '1921', 5, 2, 73),
(3651, '1936', 5, 2, 78),
(3652, '2127', 5, 2, 84),
(3653, '1935', 5, 2, 90),
(3654, '1948', 5, 2, 75),
(3655, '1943', 5, 2, 87),
(3656, '2257', 5, 2, 74),
(3657, '1926', 5, 2, 79),
(3658, '2206', 5, 2, 78),
(3659, '2242', 5, 2, 65),
(3660, '2252', 5, 2, 75),
(3661, '2263', 5, 2, 75),
(3662, '2147', 5, 2, 85),
(3663, '2276', 5, 2, 91),
(3664, '2318', 5, 2, 79),
(3665, '1770', 5, 2, 90),
(3666, '1849', 5, 2, 77),
(3667, '1758', 5, 2, 75),
(3668, '1816', 5, 2, 90),
(3670, '1907', 5, 2, 94),
(3671, '1769', 5, 2, 90),
(3672, '1701', 5, 2, 70),
(3673, '1911', 5, 2, 70),
(3674, '1925', 5, 2, 80),
(3675, '1748', 5, 2, 45);
INSERT INTO `exam_results` (`id`, `admno`, `subject_id`, `exam_id`, `marks`) VALUES
(3676, '1730', 5, 2, 90),
(3677, '1824', 5, 2, 70),
(3678, '1804', 5, 2, 90),
(3679, '1776', 5, 2, 18),
(3680, '1854', 5, 2, 95),
(3681, '1908', 5, 2, 95),
(3682, '2008', 5, 2, 30),
(3683, '1853', 5, 2, 90),
(3684, '2247', 5, 2, 68),
(3685, '2209', 5, 2, 92),
(3686, '1749', 5, 2, 76),
(3687, '2241', 5, 2, 45),
(3688, '2319', 5, 2, 70),
(3689, '1801', 5, 2, 90),
(3690, '1938', 5, 2, 95),
(3691, '1817', 5, 2, 95),
(3692, '1855', 5, 2, 95),
(3693, '2135', 5, 2, 72),
(3694, '1806', 5, 2, 70),
(3695, '1856', 5, 2, 75),
(3696, '1706', 5, 2, 85),
(3697, '1807', 5, 2, 80),
(3698, '2119', 5, 2, 92),
(3699, '2201', 5, 2, 85),
(3700, '2207', 5, 2, 85),
(3701, '2218', 5, 2, 90),
(3702, '1906', 5, 2, 72),
(3703, '1844', 5, 2, 70),
(3704, '2102', 5, 2, 75),
(3706, '1634', 5, 2, 96),
(3707, '1766', 5, 2, 67),
(3708, '1759', 5, 2, 95),
(3709, '1947', 5, 2, 73),
(3711, '1937', 5, 2, 99),
(3712, '1901', 5, 2, 75),
(3713, '1635', 5, 2, 98),
(3714, '1934', 5, 2, 90),
(3715, '2011', 5, 2, 96),
(3716, '2109', 5, 2, 88),
(3717, '2211', 5, 2, 71),
(3718, '2213', 5, 2, 95),
(3719, '2217', 5, 2, 86),
(3720, '2234', 5, 2, 83),
(3721, '2239', 5, 2, 70),
(3722, '1537', 5, 2, 64),
(3723, '1716', 5, 2, 75),
(3724, '1601', 5, 2, 74),
(3725, '2138', 5, 2, 70),
(3726, '1526', 5, 2, 64),
(3727, '1775', 5, 2, 88),
(3728, '1648', 5, 2, 65),
(3729, '1550', 5, 2, 90),
(3730, '1707', 5, 2, 78),
(3731, '1536', 5, 2, 82),
(3732, '1859', 5, 2, 90),
(3733, '1858', 5, 2, 94),
(3734, '2132', 5, 2, 70),
(3735, '1614', 5, 2, 80),
(3736, '1902', 5, 2, 95),
(3737, '2208', 5, 2, 90),
(3738, '2240', 5, 2, 76),
(3739, '2268', 5, 2, 95),
(3740, '1782', 5, 2, 84),
(3741, '1536', 5, 2, 82),
(3742, '1714', 5, 2, 74),
(3744, '1420', 5, 2, 76),
(3745, '2125', 5, 2, 86),
(3746, '2235', 5, 2, 69),
(3749, '1542', 5, 2, 96),
(3750, '1819', 5, 2, 96),
(3751, '1702', 5, 2, 91),
(3752, '1931', 5, 2, 88),
(3753, '2246', 5, 2, 70),
(3754, '1339', 5, 2, 80),
(3755, '1357', 5, 2, 80),
(3756, '2001', 5, 2, 72),
(3757, '2117', 7, 2, 40),
(3758, '2104', 7, 2, 38),
(3759, '2113', 7, 2, 38),
(3760, '2254', 7, 2, 45),
(3761, '2223', 7, 2, 42),
(3762, '2230', 7, 2, 40),
(3763, '2231', 7, 2, 38),
(3764, '2148', 7, 2, 45),
(3765, '2010', 7, 2, 45),
(3766, '2007', 7, 2, 45),
(3767, '1949', 7, 2, 40),
(3768, '1921', 7, 2, 45),
(3769, '1936', 7, 2, 40),
(3770, '2127', 7, 2, 40),
(3771, '1935', 7, 2, 45),
(3772, '1948', 7, 2, 40),
(3773, '1943', 7, 2, 40),
(3774, '2257', 7, 2, 40),
(3775, '1926', 7, 2, 40),
(3776, '2206', 7, 2, 40),
(3777, '2242', 7, 2, 40),
(3778, '2252', 7, 2, 40),
(3779, '2263', 7, 2, 40),
(3780, '2147', 7, 2, 40),
(3781, '2276', 7, 2, 40),
(3782, '2318', 7, 2, 40),
(3783, '1770', 7, 2, 42),
(3784, '1849', 7, 2, 42),
(3785, '1758', 7, 2, 45),
(3786, '1816', 7, 2, 42),
(3788, '1907', 7, 2, 42),
(3789, '1769', 7, 2, 45),
(3790, '1701', 7, 2, 42),
(3791, '1911', 7, 2, 42),
(3792, '1925', 7, 2, 42),
(3793, '1748', 7, 2, 42),
(3794, '1730', 7, 2, 45),
(3795, '1824', 7, 2, 42),
(3796, '1804', 7, 2, 42),
(3797, '1776', 7, 2, 40),
(3798, '1854', 7, 2, 45),
(3799, '1908', 7, 2, 45),
(3800, '2008', 7, 2, 35),
(3801, '1853', 7, 2, 45),
(3802, '2247', 7, 2, 40),
(3803, '2209', 7, 2, 45),
(3804, '1749', 7, 2, 40),
(3805, '2241', 7, 2, 45),
(3806, '2319', 7, 2, 40),
(3807, '1801', 7, 2, 45),
(3808, '1938', 7, 2, 45),
(3809, '1817', 7, 2, 45),
(3810, '1855', 7, 2, 45),
(3811, '2135', 7, 2, 40),
(3812, '1806', 7, 2, 35),
(3813, '1856', 7, 2, 40),
(3814, '1706', 7, 2, 40),
(3815, '1807', 7, 2, 40),
(3816, '2119', 7, 2, 40),
(3817, '2201', 7, 2, 40),
(3818, '2207', 7, 2, 40),
(3819, '2218', 7, 2, 40),
(3820, '1906', 7, 2, 40),
(3821, '1844', 7, 2, 40),
(3822, '2102', 7, 2, 40),
(3824, '1634', 7, 2, 38),
(3825, '1766', 7, 2, 35),
(3826, '1759', 7, 2, 42),
(3827, '1947', 7, 2, 38),
(3829, '1937', 7, 2, 40),
(3830, '1901', 7, 2, 36),
(3831, '1635', 7, 2, 42),
(3832, '1934', 7, 2, 42),
(3833, '2011', 7, 2, 45),
(3834, '2109', 7, 2, 42),
(3835, '2211', 7, 2, 35),
(3836, '2213', 7, 2, 45),
(3837, '2217', 7, 2, 42),
(3838, '2234', 7, 2, 38),
(3839, '2239', 7, 2, 36),
(3840, '1537', 7, 2, 38),
(3841, '1716', 7, 2, 38),
(3842, '1601', 7, 2, 40),
(3843, '2138', 7, 2, 40),
(3844, '1526', 7, 2, 45),
(3845, '1775', 7, 2, 45),
(3846, '1648', 7, 2, 40),
(3847, '1550', 7, 2, 40),
(3848, '1707', 7, 2, 45),
(3849, '1536', 7, 2, 40),
(3850, '1859', 7, 2, 40),
(3851, '1858', 7, 2, 40),
(3852, '2132', 7, 2, 40),
(3853, '1614', 7, 2, 40),
(3854, '1902', 7, 2, 45),
(3855, '2208', 7, 2, 40),
(3856, '2240', 7, 2, 45),
(3857, '2268', 7, 2, 45),
(3858, '1782', 7, 2, 40),
(3859, '1536', 7, 2, 40),
(3860, '1714', 7, 2, 40),
(3862, '1420', 7, 2, 40),
(3863, '2125', 7, 2, 35),
(3864, '2235', 7, 2, 40),
(3867, '1542', 7, 2, 40),
(3868, '1819', 7, 2, 40),
(3869, '1702', 7, 2, 40),
(3870, '1931', 7, 2, 40),
(3871, '2246', 7, 2, 35),
(3872, '1339', 7, 2, 35),
(3873, '1357', 7, 2, 40),
(3874, '2001', 7, 2, 40),
(3875, '2117', 6, 2, 38),
(3876, '2104', 6, 2, 40),
(3877, '2113', 6, 2, 42),
(3878, '2254', 6, 2, 40),
(3879, '2223', 6, 2, 40),
(3880, '2230', 6, 2, 42),
(3881, '2231', 6, 2, 40),
(3882, '2148', 6, 2, 40),
(3883, '2010', 6, 2, 40),
(3884, '2007', 6, 2, 40),
(3885, '1949', 6, 2, 40),
(3886, '1921', 6, 2, 40),
(3887, '1936', 6, 2, 40),
(3888, '2127', 6, 2, 40),
(3889, '1935', 6, 2, 45),
(3890, '1948', 6, 2, 35),
(3891, '1943', 6, 2, 40),
(3892, '2257', 6, 2, 40),
(3893, '1926', 6, 2, 40),
(3894, '2206', 6, 2, 40),
(3895, '2242', 6, 2, 45),
(3896, '2252', 6, 2, 45),
(3897, '2263', 6, 2, 40),
(3898, '2147', 6, 2, 45),
(3899, '2276', 6, 2, 45),
(3900, '2318', 6, 2, 45),
(3901, '1770', 6, 2, 40),
(3902, '1849', 6, 2, 45),
(3903, '1758', 6, 2, 42),
(3904, '1816', 6, 2, 40),
(3906, '1907', 6, 2, 40),
(3907, '1769', 6, 2, 42),
(3908, '1701', 6, 2, 40),
(3909, '1911', 6, 2, 45),
(3910, '1925', 6, 2, 40),
(3911, '1748', 6, 2, 40),
(3912, '1730', 6, 2, 45),
(3913, '1824', 6, 2, 40),
(3914, '1804', 6, 2, 40),
(3915, '1776', 6, 2, 45),
(3916, '1854', 6, 2, 40),
(3917, '1908', 6, 2, 40),
(3918, '2008', 6, 2, 40),
(3919, '1853', 6, 2, 40),
(3920, '2247', 6, 2, 40),
(3921, '2209', 6, 2, 40),
(3922, '1749', 6, 2, 40),
(3923, '2241', 6, 2, 40),
(3924, '2319', 6, 2, 40),
(3925, '1801', 6, 2, 45),
(3926, '1938', 6, 2, 45),
(3927, '1817', 6, 2, 45),
(3928, '1855', 6, 2, 45),
(3929, '2135', 6, 2, 40),
(3930, '1806', 6, 2, 40),
(3931, '1856', 6, 2, 45),
(3932, '1706', 6, 2, 45),
(3933, '1807', 6, 2, 45),
(3934, '2119', 6, 2, 45),
(3935, '2201', 6, 2, 45),
(3936, '2207', 6, 2, 45),
(3937, '2218', 6, 2, 45),
(3938, '1906', 6, 2, 40),
(3939, '1844', 6, 2, 40),
(3940, '2102', 6, 2, 40),
(3942, '1634', 6, 2, 40),
(3943, '1766', 6, 2, 40),
(3944, '1759', 6, 2, 40),
(3945, '1947', 6, 2, 40),
(3947, '1937', 6, 2, 45),
(3948, '1901', 6, 2, 40),
(3949, '1635', 6, 2, 45),
(3950, '1934', 6, 2, 45),
(3951, '2011', 6, 2, 45),
(3952, '2109', 6, 2, 45),
(3953, '2211', 6, 2, 40),
(3954, '2213', 6, 2, 45),
(3955, '2217', 6, 2, 45),
(3956, '2234', 6, 2, 40),
(3957, '2239', 6, 2, 40),
(3958, '1537', 6, 2, 35),
(3959, '1716', 6, 2, 40),
(3960, '1601', 6, 2, 40),
(3961, '2138', 6, 2, 40),
(3962, '1526', 6, 2, 40),
(3963, '1775', 6, 2, 40),
(3964, '1648', 6, 2, 40),
(3965, '1550', 6, 2, 40),
(3966, '1707', 6, 2, 40),
(3967, '1536', 6, 2, 40),
(3968, '1859', 6, 2, 40),
(3969, '1858', 6, 2, 40),
(3970, '2132', 6, 2, 40),
(3971, '1614', 6, 2, 40),
(3972, '1902', 6, 2, 40),
(3973, '2208', 6, 2, 40),
(3974, '2240', 6, 2, 40),
(3975, '2268', 6, 2, 40),
(3976, '1782', 6, 2, 35),
(3977, '1536', 6, 2, 40),
(3978, '1714', 6, 2, 35),
(3980, '1420', 6, 2, 40),
(3981, '2125', 6, 2, 40),
(3982, '2235', 6, 2, 40),
(3985, '1542', 6, 2, 40),
(3986, '1819', 6, 2, 40),
(3987, '1702', 6, 2, 35),
(3988, '1931', 6, 2, 40),
(3989, '2246', 6, 2, 35),
(3990, '1339', 6, 2, 40),
(3991, '1357', 6, 2, 40),
(3992, '2001', 6, 2, 35),
(3993, '2117', 8, 2, 45),
(3994, '2104', 8, 2, 40),
(3995, '2113', 8, 2, 40),
(3996, '2254', 8, 2, 45),
(3997, '2223', 8, 2, 45),
(3998, '2230', 8, 2, 40),
(3999, '2231', 8, 2, 40),
(4000, '2148', 8, 2, 42),
(4001, '2010', 8, 2, 45),
(4002, '2007', 8, 2, 45),
(4003, '1949', 8, 2, 40),
(4004, '1921', 8, 2, 40),
(4005, '1936', 8, 2, 40),
(4006, '2127', 8, 2, 40),
(4007, '1935', 8, 2, 45),
(4008, '1948', 8, 2, 40),
(4009, '1943', 8, 2, 45),
(4010, '2257', 8, 2, 40),
(4011, '1926', 8, 2, 42),
(4012, '2206', 8, 2, 35),
(4013, '2242', 8, 2, 35),
(4014, '2252', 8, 2, 40),
(4015, '2263', 8, 2, 40),
(4016, '2147', 8, 2, 45),
(4017, '2276', 8, 2, 45),
(4018, '2318', 8, 2, 35),
(4019, '1770', 8, 2, 42),
(4020, '1849', 8, 2, 35),
(4021, '1758', 8, 2, 45),
(4022, '1816', 8, 2, 45),
(4024, '1907', 8, 2, 45),
(4025, '1769', 8, 2, 45),
(4026, '1701', 8, 2, 42),
(4027, '1911', 8, 2, 35),
(4028, '1925', 8, 2, 38),
(4029, '1748', 8, 2, 45),
(4030, '1730', 8, 2, 45),
(4031, '1824', 8, 2, 35),
(4032, '1804', 8, 2, 45),
(4033, '1776', 8, 2, 35),
(4034, '1854', 8, 2, 48),
(4035, '1908', 8, 2, 50),
(4036, '2008', 8, 2, 40),
(4037, '1853', 8, 2, 50),
(4038, '2247', 8, 2, 40),
(4039, '2209', 8, 2, 50),
(4040, '1749', 8, 2, 35),
(4041, '2241', 8, 2, 38),
(4042, '2319', 8, 2, 35),
(4043, '1801', 8, 2, 40),
(4044, '1938', 8, 2, 45),
(4045, '1817', 8, 2, 45),
(4046, '1855', 8, 2, 45),
(4047, '2135', 8, 2, 40),
(4048, '1806', 8, 2, 35),
(4049, '1856', 8, 2, 40),
(4050, '1706', 8, 2, 40),
(4051, '1807', 8, 2, 45),
(4052, '2119', 8, 2, 45),
(4053, '2201', 8, 2, 45),
(4054, '2207', 8, 2, 45),
(4055, '2218', 8, 2, 45),
(4056, '1906', 8, 2, 40),
(4057, '1844', 8, 2, 40),
(4058, '2102', 8, 2, 40),
(4060, '1634', 8, 2, 42),
(4061, '1766', 8, 2, 38),
(4062, '1759', 8, 2, 42),
(4063, '1947', 8, 2, 40),
(4065, '1937', 8, 2, 45),
(4066, '1901', 8, 2, 38),
(4067, '1635', 8, 2, 45),
(4068, '1934', 8, 2, 45),
(4069, '2011', 8, 2, 48),
(4070, '2109', 8, 2, 45),
(4071, '2211', 8, 2, 37),
(4072, '2213', 8, 2, 49),
(4073, '2217', 8, 2, 42),
(4074, '2234', 8, 2, 40),
(4075, '2239', 8, 2, 35),
(4076, '1537', 8, 2, 35),
(4077, '1716', 8, 2, 40),
(4078, '1601', 8, 2, 40),
(4079, '2138', 8, 2, 45),
(4080, '1526', 8, 2, 40),
(4081, '1775', 8, 2, 45),
(4082, '1648', 8, 2, 40),
(4083, '1550', 8, 2, 40),
(4084, '1707', 8, 2, 40),
(4085, '1536', 8, 2, 45),
(4086, '1859', 8, 2, 40),
(4087, '1858', 8, 2, 45),
(4088, '2132', 8, 2, 40),
(4089, '1614', 8, 2, 45),
(4090, '1902', 8, 2, 40),
(4091, '2208', 8, 2, 40),
(4092, '2240', 8, 2, 40),
(4093, '2268', 8, 2, 45),
(4094, '1782', 8, 2, 40),
(4095, '1536', 8, 2, 40),
(4096, '1714', 8, 2, 40),
(4098, '1420', 8, 2, 45),
(4099, '2125', 8, 2, 40),
(4100, '2235', 8, 2, 45),
(4103, '1542', 8, 2, 45),
(4104, '1819', 8, 2, 45),
(4105, '1702', 8, 2, 40),
(4106, '1931', 8, 2, 40),
(4107, '2246', 8, 2, 40),
(4108, '1339', 8, 2, 40),
(4109, '1357', 8, 2, 35),
(4110, '2001', 8, 2, 40),
(4111, '2117', 9, 2, 40),
(4112, '2104', 9, 2, 38),
(4113, '2113', 9, 2, 40),
(4114, '2254', 9, 2, 45),
(4115, '2223', 9, 2, 45),
(4116, '2230', 9, 2, 40),
(4117, '2231', 9, 2, 42),
(4118, '2148', 9, 2, 40),
(4119, '2010', 9, 2, 45),
(4120, '2007', 9, 2, 40),
(4121, '1949', 9, 2, 45),
(4122, '1921', 9, 2, 45),
(4123, '1936', 9, 2, 40),
(4124, '2127', 9, 2, 45),
(4125, '1935', 9, 2, 45),
(4126, '1948', 9, 2, 35),
(4127, '1943', 9, 2, 45),
(4128, '2257', 9, 2, 40),
(4129, '1926', 9, 2, 40),
(4130, '2206', 9, 2, 40),
(4131, '2242', 9, 2, 30),
(4132, '2252', 9, 2, 40),
(4133, '2263', 9, 2, 40),
(4134, '2147', 9, 2, 40),
(4135, '2276', 9, 2, 45),
(4136, '2318', 9, 2, 35),
(4137, '1770', 9, 2, 50),
(4138, '1849', 9, 2, 50),
(4139, '1758', 9, 2, 50),
(4140, '1816', 9, 2, 50),
(4142, '1907', 9, 2, 50),
(4143, '1769', 9, 2, 50),
(4144, '1701', 9, 2, 50),
(4145, '1911', 9, 2, 45),
(4146, '1925', 9, 2, 50),
(4147, '1748', 9, 2, 50),
(4148, '1730', 9, 2, 50),
(4149, '1824', 9, 2, 45),
(4150, '1804', 9, 2, 50),
(4151, '1776', 9, 2, 50),
(4152, '1854', 9, 2, 50),
(4153, '1908', 9, 2, 50),
(4154, '2008', 9, 2, 35),
(4155, '1853', 9, 2, 50),
(4156, '2247', 9, 2, 48),
(4157, '2209', 9, 2, 50),
(4158, '1749', 9, 2, 45),
(4159, '2241', 9, 2, 45),
(4160, '2319', 9, 2, 35),
(4161, '1801', 9, 2, 45),
(4162, '1938', 9, 2, 45),
(4163, '1817', 9, 2, 45),
(4164, '1855', 9, 2, 45),
(4165, '2135', 9, 2, 40),
(4166, '1806', 9, 2, 40),
(4167, '1856', 9, 2, 45),
(4168, '1706', 9, 2, 45),
(4169, '1807', 9, 2, 40),
(4170, '2119', 9, 2, 45),
(4171, '2201', 9, 2, 45),
(4172, '2207', 9, 2, 45),
(4173, '2218', 9, 2, 45),
(4174, '1906', 9, 2, 40),
(4175, '1844', 9, 2, 35),
(4176, '2102', 9, 2, 40),
(4178, '1634', 9, 2, 40),
(4179, '1766', 9, 2, 35),
(4180, '1759', 9, 2, 45),
(4181, '1947', 9, 2, 40),
(4183, '1937', 9, 2, 50),
(4184, '1901', 9, 2, 40),
(4185, '1635', 9, 2, 40),
(4186, '1934', 9, 2, 40),
(4187, '2011', 9, 2, 50),
(4188, '2109', 9, 2, 48),
(4189, '2211', 9, 2, 35),
(4190, '2213', 9, 2, 50),
(4191, '2217', 9, 2, 50),
(4192, '2234', 9, 2, 50),
(4193, '2239', 9, 2, 40),
(4194, '1537', 9, 2, 35),
(4195, '1716', 9, 2, 40),
(4196, '1601', 9, 2, 40),
(4197, '2138', 9, 2, 38),
(4198, '1526', 9, 2, 35),
(4199, '1775', 9, 2, 35),
(4200, '1648', 9, 2, 35),
(4201, '1550', 9, 2, 45),
(4202, '1707', 9, 2, 40),
(4203, '1536', 9, 2, 45),
(4204, '1859', 9, 2, 50),
(4205, '1858', 9, 2, 45),
(4206, '2132', 9, 2, 40),
(4207, '1614', 9, 2, 40),
(4208, '1902', 9, 2, 45),
(4209, '2208', 9, 2, 40),
(4210, '2240', 9, 2, 35),
(4211, '2268', 9, 2, 48),
(4212, '1782', 9, 2, 35),
(4213, '1536', 9, 2, 45),
(4214, '1714', 9, 2, 30),
(4216, '1420', 9, 2, 35),
(4217, '2125', 9, 2, 25),
(4218, '2235', 9, 2, 45),
(4221, '1542', 9, 2, 35),
(4222, '1819', 9, 2, 30),
(4223, '1702', 9, 2, 35),
(4224, '1931', 9, 2, 35),
(4225, '2246', 9, 2, 25),
(4226, '1339', 9, 2, 35),
(4227, '1357', 9, 2, 20),
(4228, '2001', 9, 2, 20),
(4229, '2117', 10, 2, 44),
(4230, '2104', 10, 2, 51),
(4231, '2113', 10, 2, 55),
(4232, '2254', 10, 2, 44),
(4233, '2223', 10, 2, 39),
(4234, '2230', 10, 2, 55),
(4235, '2231', 10, 2, 48),
(4236, '2148', 10, 2, 51),
(4237, '2010', 10, 2, 37),
(4238, '2007', 10, 2, 39),
(4239, '1949', 10, 2, 31),
(4240, '1921', 10, 2, 42),
(4241, '1936', 10, 2, 35),
(4242, '2127', 10, 2, 47),
(4243, '1935', 10, 2, 53),
(4244, '1948', 10, 2, 29),
(4245, '1943', 10, 2, 49),
(4246, '2257', 10, 2, 46),
(4247, '1926', 10, 2, 57),
(4248, '2206', 10, 2, 36),
(4249, '2242', 10, 2, 46),
(4250, '2252', 10, 2, 53),
(4251, '2263', 10, 2, 53),
(4252, '2147', 10, 2, 51),
(4253, '2276', 10, 2, 49),
(4254, '2318', 10, 2, 50),
(4255, '1770', 10, 2, 52),
(4256, '1849', 10, 2, 53),
(4257, '1758', 10, 2, 50),
(4258, '1816', 10, 2, 53),
(4260, '1907', 10, 2, 47),
(4261, '1769', 10, 2, 46),
(4262, '1701', 10, 2, 41),
(4263, '1911', 10, 2, 51),
(4264, '1925', 10, 2, 54),
(4265, '1748', 10, 2, 42),
(4266, '1730', 10, 2, 42),
(4267, '1824', 10, 2, 52),
(4268, '1804', 10, 2, 48),
(4269, '1776', 10, 2, 48),
(4270, '1854', 10, 2, 56),
(4271, '1908', 10, 2, 56),
(4272, '2008', 10, 2, 24),
(4273, '1853', 10, 2, 56),
(4274, '2247', 10, 2, 36),
(4275, '2209', 10, 2, 48),
(4276, '1749', 10, 2, 55),
(4277, '2241', 10, 2, 48),
(4278, '2319', 10, 2, 50),
(4279, '1801', 10, 2, 50),
(4280, '1938', 10, 2, 49),
(4281, '1817', 10, 2, 54),
(4282, '1855', 10, 2, 48),
(4283, '2135', 10, 2, 44),
(4284, '1806', 10, 2, 47),
(4285, '1856', 10, 2, 54),
(4286, '1706', 10, 2, 40),
(4287, '1807', 10, 2, 56),
(4288, '2119', 10, 2, 55),
(4289, '2201', 10, 2, 50),
(4290, '2207', 10, 2, 40),
(4291, '2218', 10, 2, 49),
(4292, '1906', 10, 2, 52),
(4293, '1844', 10, 2, 45),
(4294, '2102', 10, 2, 55),
(4296, '1634', 10, 2, 57),
(4297, '1766', 10, 2, 57),
(4298, '1759', 10, 2, 50),
(4299, '1947', 10, 2, 54),
(4301, '1937', 10, 2, 49),
(4302, '1901', 10, 2, 57),
(4303, '1635', 10, 2, 51),
(4304, '1934', 10, 2, 37),
(4305, '2011', 10, 2, 46),
(4306, '2109', 10, 2, 43),
(4307, '2211', 10, 2, 46),
(4308, '2213', 10, 2, 52),
(4309, '2217', 10, 2, 41),
(4310, '2234', 10, 2, 36),
(4311, '2239', 10, 2, 33),
(4312, '1537', 10, 2, 47),
(4313, '1716', 10, 2, 33),
(4314, '1601', 10, 2, 53),
(4315, '2138', 10, 2, 42),
(4316, '1526', 10, 2, 56),
(4317, '1775', 10, 2, 51),
(4318, '1648', 10, 2, 32),
(4319, '1550', 10, 2, 46),
(4320, '1707', 10, 2, 46),
(4321, '1536', 10, 2, 50),
(4322, '1859', 10, 2, 55),
(4323, '1858', 10, 2, 55),
(4324, '2132', 10, 2, 54),
(4325, '1614', 10, 2, 55),
(4326, '1902', 10, 2, 54),
(4327, '2208', 10, 2, 37),
(4328, '2240', 10, 2, 51),
(4329, '2268', 10, 2, 51),
(4330, '1782', 10, 2, 54),
(4331, '1536', 10, 2, 37),
(4332, '1714', 10, 2, 48),
(4334, '1420', 10, 2, 46),
(4335, '2125', 10, 2, 32),
(4336, '2235', 10, 2, 46),
(4339, '1542', 10, 2, 42),
(4340, '1819', 10, 2, 45),
(4341, '1702', 10, 2, 42),
(4342, '1931', 10, 2, 39),
(4343, '2246', 10, 2, 33),
(4344, '1339', 10, 2, 35),
(4345, '1357', 10, 2, 54),
(4346, '2001', 10, 2, 32);

-- --------------------------------------------------------

--
-- Table structure for table `fees`
--

CREATE TABLE `fees` (
  `id` int(11) NOT NULL,
  `fee` varchar(10) NOT NULL,
  `class` varchar(5) NOT NULL,
  `type` varchar(20) NOT NULL,
  `months_applicable` varchar(5) NOT NULL COMMENT 'VALUES WILL BE 1(JAN),2(FEB)..ALL',
  `month_show` varchar(50) DEFAULT NULL,
  `frequency` int(4) DEFAULT NULL
) ENGINE=InnoDB DEFAULT CHARSET=utf8 COLLATE=utf8_unicode_ci;

--
-- Dumping data for table `fees`
--

INSERT INTO `fees` (`id`, `fee`, `class`, `type`, `months_applicable`, `month_show`, `frequency`) VALUES
(7, '100', 'ALL', 'GAME FEE', '9', NULL, NULL),
(51, '1000', 'I', 'TUTION FEE', '1', 'MAR', 1),
(48, '1000', 'I', 'TUTION FEE', '10', 'OCT', 1),
(49, '1000', 'I', 'TUTION FEE', '11', 'NOV,DEC', 2),
(50, '1000', 'I', 'TUTION FEE', '12', 'JAN,FEB', 2),
(42, '1000', 'I', 'TUTION FEE', '4', 'APR', 1),
(43, '1000', 'I', 'TUTION FEE', '5', 'MAY', 1),
(44, '1000', 'I', 'TUTION FEE', '6', 'JUNE', 1),
(45, '1000', 'I', 'TUTION FEE', '7', 'JUL', 1),
(46, '1000', 'I', 'TUTION FEE', '8', 'AUG', 1),
(47, '1000', 'I', 'TUTION FEE', '9', 'SEPT', 1),
(61, '1000', 'II', 'TUTION FEE', '1', 'MAR', 1),
(58, '1000', 'II', 'TUTION FEE', '10', 'OCT', 1),
(59, '1000', 'II', 'TUTION FEE', '11', 'NOV,DEC', 2),
(60, '1000', 'II', 'TUTION FEE', '12', 'JAN,FEB', 2),
(52, '1000', 'II', 'TUTION FEE', '4', 'APR', 1),
(53, '1000', 'II', 'TUTION FEE', '5', 'MAY', 1),
(54, '1000', 'II', 'TUTION FEE', '6', 'JUNE', 1),
(55, '1000', 'II', 'TUTION FEE', '7', 'JUL', 1),
(56, '1000', 'II', 'TUTION FEE', '8', 'AUG', 1),
(57, '1000', 'II', 'TUTION FEE', '9', 'SEPT', 1),
(71, '1100', 'III', 'TUTION FEE', '1', 'MAR', 1),
(68, '1100', 'III', 'TUTION FEE', '10', 'OCT', 1),
(69, '1100', 'III', 'TUTION FEE', '11', 'NOV,DEC', 2),
(70, '1100', 'III', 'TUTION FEE', '12', 'JAN,FEB', 2),
(62, '1100', 'III', 'TUTION FEE', '4', 'APR', 1),
(63, '1100', 'III', 'TUTION FEE', '5', 'MAY', 1),
(64, '1100', 'III', 'TUTION FEE', '6', 'JUNE', 1),
(65, '1100', 'III', 'TUTION FEE', '7', 'JUL', 1),
(66, '1100', 'III', 'TUTION FEE', '8', 'AUG', 1),
(67, '1100', 'III', 'TUTION FEE', '9', 'SEPT', 1),
(81, '1100', 'IV', 'TUTION FEE', '1', 'MAR', 1),
(78, '1100', 'IV', 'TUTION FEE', '10', 'OCT', 1),
(79, '1100', 'IV', 'TUTION FEE', '11', 'NOV,DEC', 2),
(80, '1100', 'IV', 'TUTION FEE', '12', 'JAN,FEB', 2),
(72, '1100', 'IV', 'TUTION FEE', '4', 'APR', 1),
(73, '1100', 'IV', 'TUTION FEE', '5', 'MAY', 1),
(74, '1100', 'IV', 'TUTION FEE', '6', 'JUNE', 1),
(75, '1100', 'IV', 'TUTION FEE', '7', 'JUL', 1),
(76, '1100', 'IV', 'TUTION FEE', '8', 'AUG', 1),
(77, '1100', 'IV', 'TUTION FEE', '9', 'SEPT', 1),
(91, '1200', 'V', 'TUTION FEE', '1', 'MAR', 1),
(88, '1200', 'V', 'TUTION FEE', '10', 'OCT', 1),
(89, '1200', 'V', 'TUTION FEE', '11', 'NOV,DEC', 2),
(90, '1200', 'V', 'TUTION FEE', '12', 'JAN,FEB', 2),
(82, '1200', 'V', 'TUTION FEE', '4', 'APR', 1),
(83, '1200', 'V', 'TUTION FEE', '5', 'MAY', 1),
(84, '1200', 'V', 'TUTION FEE', '6', 'JUNE', 1),
(85, '1200', 'V', 'TUTION FEE', '7', 'JUL', 1),
(86, '1200', 'V', 'TUTION FEE', '8', 'AUG', 1),
(87, '1200', 'V', 'TUTION FEE', '9', 'SEPT', 1),
(101, '1300', 'VI', 'TUTION FEE', '1', 'MAR', 1),
(98, '1300', 'VI', 'TUTION FEE', '10', 'OCT', 1),
(99, '1300', 'VI', 'TUTION FEE', '11', 'NOV,DEC', 2),
(100, '1300', 'VI', 'TUTION FEE', '12', 'JAN,FEB', 2),
(92, '1300', 'VI', 'TUTION FEE', '4', 'APR', 1),
(93, '1300', 'VI', 'TUTION FEE', '5', 'MAY', 1),
(94, '1300', 'VI', 'TUTION FEE', '6', 'JUNE', 1),
(95, '1300', 'VI', 'TUTION FEE', '7', 'JUL', 1),
(96, '1300', 'VI', 'TUTION FEE', '8', 'AUG', 1),
(97, '1300', 'VI', 'TUTION FEE', '9', 'SEPT', 1),
(111, '1400', 'VII', 'TUTION FEE', '1', 'MAR', 1),
(108, '1400', 'VII', 'TUTION FEE', '10', 'OCT', 1),
(109, '1400', 'VII', 'TUTION FEE', '11', 'NOV,DEC', 2),
(110, '1400', 'VII', 'TUTION FEE', '12', 'JAN,FEB', 2),
(102, '1400', 'VII', 'TUTION FEE', '4', 'APR', 1),
(103, '1400', 'VII', 'TUTION FEE', '5', 'MAY', 1),
(104, '1400', 'VII', 'TUTION FEE', '6', 'JUNE', 1),
(105, '1400', 'VII', 'TUTION FEE', '7', 'JUL', 1),
(106, '1400', 'VII', 'TUTION FEE', '8', 'AUG', 1),
(107, '1400', 'VII', 'TUTION FEE', '9', 'SEPT', 1),
(121, '1500', 'VIII', 'TUTION FEE', '1', 'MAR', 1),
(118, '1500', 'VIII', 'TUTION FEE', '10', 'OCT', 1),
(119, '1500', 'VIII', 'TUTION FEE', '11', 'NOV,DEC', 2),
(120, '1500', 'VIII', 'TUTION FEE', '12', 'JAN,FEB', 2),
(112, '1500', 'VIII', 'TUTION FEE', '4', 'APR', 1),
(113, '1500', 'VIII', 'TUTION FEE', '5', 'MAY', 1),
(114, '1500', 'VIII', 'TUTION FEE', '6', 'JUNE', 1),
(115, '1500', 'VIII', 'TUTION FEE', '7', 'JUL', 1),
(116, '1500', 'VIII', 'TUTION FEE', '8', 'AUG', 1),
(117, '1500', 'VIII', 'TUTION FEE', '9', 'SEPT', 1),
(8, '200', 'ALL', 'ELECTRIC FEE', '9', NULL, NULL),
(2, '2000', 'ALL', 'SESSION FEE', '4', NULL, NULL),
(127, '300', 'L.K.G', 'ANNUAL EXAM FEE', '1', NULL, NULL),
(126, '300', 'L.K.G', 'HALF YEARLY EXAM FEE', '10', NULL, NULL),
(125, '300', 'L.K.G', 'QUARTERLY EXAM FEE', '8', NULL, NULL),
(124, '300', 'NUR', 'ANNUAL EXAM FEE', '1', NULL, NULL),
(123, '300', 'NUR', 'HALF YEARLY EXAM FEE', '10', NULL, NULL),
(122, '300', 'NUR', 'QUARTERLY EXAM FEE', '8', NULL, NULL),
(130, '300', 'U.K.G', 'ANNUAL EXAM FEE', '1', NULL, NULL),
(129, '300', 'U.K.G', 'HALF YEARLY EXAM FEE', '10', NULL, NULL),
(128, '300', 'U.K.G', 'QUARTERLY EXAM FEE', '8', NULL, NULL),
(133, '400', 'I', 'ANNUAL EXAM FEE', '1', NULL, NULL),
(132, '400', 'I', 'HALF YEARLY EXAM FEE', '10', NULL, NULL),
(131, '400', 'I', 'QUARTERLY EXAM FEE', '8', NULL, NULL),
(136, '400', 'II', 'ANNUAL EXAM FEE', '1', NULL, NULL),
(135, '400', 'II', 'HALF YEARLY EXAM FEE', '10', NULL, NULL),
(134, '400', 'II', 'QUARTERLY EXAM FEE', '8', NULL, NULL),
(139, '400', 'III', 'ANNUAL EXAM FEE', '1', NULL, NULL),
(138, '400', 'III', 'HALF YEARLY EXAM FEE', '10', NULL, NULL),
(137, '400', 'III', 'QUARTERLY EXAM FEE', '8', NULL, NULL),
(142, '400', 'IV', 'ANNUAL EXAM FEE', '1', NULL, NULL),
(141, '400', 'IV', 'HALF YEARLY EXAM FEE', '10', NULL, NULL),
(140, '400', 'IV', 'QUARTERLY EXAM FEE', '8', NULL, NULL),
(145, '400', 'V', 'ANNUAL EXAM FEE', '1', NULL, NULL),
(144, '400', 'V', 'HALF YEARLY EXAM FEE', '10', NULL, NULL),
(143, '400', 'V', 'QUARTERLY EXAM FEE', '8', NULL, NULL),
(1, '4000', 'ALL', 'ADMISSION FEE', '4', NULL, NULL),
(9, '500', 'ALL', 'ANNUAL FUNCTION', '11', NULL, NULL),
(148, '500', 'VI', 'ANNUAL EXAM FEE', '1', NULL, NULL),
(147, '500', 'VI', 'HALF YEARLY EXAM FEE', '10', NULL, NULL),
(146, '500', 'VI', 'QUARTERLY EXAM FEE', '8', NULL, NULL),
(151, '500', 'VII', 'ANNUAL EXAM FEE', '1', NULL, NULL),
(150, '500', 'VII', 'HALF YEARLY EXAM FEE', '10', NULL, NULL),
(149, '500', 'VII', 'QUARTERLY EXAM FEE', '8', NULL, NULL),
(6, '500', 'VIII', 'ANNUAL EXAM FEE', '1', NULL, NULL),
(5, '500', 'VIII', 'HALF YEARLY EXAM FEE', '11', NULL, NULL),
(4, '500', 'VIII', 'QUARTERLY EXAM FEE', '8', NULL, NULL),
(30, '800', 'L.K.G', 'TUTION FEE', '1', 'MAR', 1),
(27, '800', 'L.K.G', 'TUTION FEE', '10', 'OCT', 1),
(28, '800', 'L.K.G', 'TUTION FEE', '11', 'NOV,DEC', 2),
(29, '800', 'L.K.G', 'TUTION FEE', '12', 'JAN,FEB', 2),
(21, '800', 'L.K.G', 'TUTION FEE', '4', 'APR', 1),
(22, '800', 'L.K.G', 'TUTION FEE', '5', 'MAY', 1),
(23, '800', 'L.K.G', 'TUTION FEE', '6', 'JUNE', 1),
(24, '800', 'L.K.G', 'TUTION FEE', '7', 'JUL', 1),
(25, '800', 'L.K.G', 'TUTION FEE', '8', 'AUG', 1),
(26, '800', 'L.K.G', 'TUTION FEE', '9', 'SEPT', 1),
(3, '800', 'LKG', 'TUTION FEE', 'ALL', NULL, NULL),
(20, '800', 'NUR', 'TUTION FEE', '1', 'MAR', 1),
(17, '800', 'NUR', 'TUTION FEE', '10', 'OCT', 1),
(18, '800', 'NUR', 'TUTION FEE', '11', 'NOV,DEC', 2),
(19, '800', 'NUR', 'TUTION FEE', '12', 'JAN,FEB', 2),
(11, '800', 'NUR', 'TUTION FEE', '4', 'APR', 1),
(12, '800', 'NUR', 'TUTION FEE', '5', 'MAY', 1),
(13, '800', 'NUR', 'TUTION FEE', '6', 'JUNE', 1),
(14, '800', 'NUR', 'TUTION FEE', '7', 'JUL', 1),
(15, '800', 'NUR', 'TUTION FEE', '8', 'AUG', 1),
(16, '800', 'NUR', 'TUTION FEE', '9', 'SEPT', 1),
(40, '800', 'U.K.G', 'TUTION FEE', '1', 'MAR', 1),
(37, '800', 'U.K.G', 'TUTION FEE', '10', 'OCT', 1),
(38, '800', 'U.K.G', 'TUTION FEE', '11', 'NOV,DEC', 2),
(39, '800', 'U.K.G', 'TUTION FEE', '12', 'JAN,FEB', 2),
(31, '800', 'U.K.G', 'TUTION FEE', '4', 'APR', 1),
(32, '800', 'U.K.G', 'TUTION FEE', '5', 'MAY', 1),
(33, '800', 'U.K.G', 'TUTION FEE', '6', 'JUNE', 1),
(34, '800', 'U.K.G', 'TUTION FEE', '7', 'JUL', 1),
(35, '800', 'U.K.G', 'TUTION FEE', '8', 'AUG', 1),
(36, '800', 'U.K.G', 'TUTION FEE', '9', 'SEPT', 1),
(10, '900', 'I', 'TUTION FEE', 'ALL', NULL, NULL);

-- --------------------------------------------------------

--
-- Table structure for table `receipts`
--

CREATE TABLE `receipts` (
  `id` int(100) NOT NULL,
  `receipt_no` int(11) DEFAULT NULL,
  `date_updated` date NOT NULL DEFAULT current_timestamp(),
  `amount_paid` varchar(100) DEFAULT NULL,
  `comment` varchar(500) DEFAULT NULL,
  `unique_id` varchar(500) DEFAULT NULL,
  `student_ids` varchar(50) DEFAULT NULL,
  `student_names` varchar(500) DEFAULT NULL
) ENGINE=InnoDB DEFAULT CHARSET=utf8mb4 COLLATE=utf8mb4_general_ci COMMENT='for storing all receipts';

--
-- Dumping data for table `receipts`
--

INSERT INTO `receipts` (`id`, `receipt_no`, `date_updated`, `amount_paid`, `comment`, `unique_id`, `student_ids`, `student_names`) VALUES
(4, 59, '2023-01-27', '1000', 'nb', '1200001001000nb', '2204,', 'BHANU PRATAP SINGH,'),
(5, 60, '2023-01-31', '1000', 'hbhjb', '2875911001000hbhjb', '2203,2204,', 'SWETA SINGH,BHANU PRATAP SINGH,'),
(6, 61, '2023-01-31', '1000', 'bkj', '13829.501001000bkj', '2203,', 'SWETA SINGH,'),
(7, 62, '2023-01-31', '1000', 'nm,n', '17629.501001000nm,n', '2204,', 'BHANU PRATAP SINGH,'),
(8, 63, '2023-01-31', '1000', ' mn', '4345911001000 mn', '2203,2204,', 'SWETA SINGH,BHANU PRATAP SINGH,'),
(9, 64, '2023-01-31', '1000', ' mn', '4235911001000 mn', '2203,2204,', 'SWETA SINGH,BHANU PRATAP SINGH,'),
(10, 65, '2023-01-31', '1000', 'iuj', '604591101000iuj', '2203,2204,', 'SWETA SINGH,BHANU PRATAP SINGH,'),
(11, 66, '2023-02-05', '1000', 'JBLJKN', '39324.5010001000JBLJKN', '2204,', 'BHANU PRATAP SINGH,'),
(12, 67, '2023-02-05', '37200', '100', '37324.5010037200100', '2204,', 'BHANU PRATAP SINGH,'),
(13, 68, '2023-02-05', '32000', 'knlk', '32224.5010032000knlk', '2204,', 'BHANU PRATAP SINGH,'),
(14, 69, '2023-02-05', '900', 'nkn', '1924.50100900nkn', '2204,', 'BHANU PRATAP SINGH,'),
(15, 70, '2023-02-06', '420', ' km', '4224.5010420 km', '2204,', 'BHANU PRATAP SINGH,'),
(16, 71, '2023-02-06', '400', 'knk', '4794.5010400knk', '2204,', 'BHANU PRATAP SINGH,'),
(17, 72, '2023-02-06', '7000', 'k,', '7184.50107000k,', '2204,', 'BHANU PRATAP SINGH,'),
(18, 73, '2023-03-11', '800', 'kjnk', '10502100800kjnk', '1388,1245,,', 'HARSHIT SINGH,ARYAN SINGH,,'),
(19, 74, '2023-03-19', '1500', 'kjn', '1560011001500kjn', '', ''),
(20, 75, '2023-03-19', '1500', 'kjn', '3110011001500kjn', '1635,', 'TANMAY KUSWAHA,'),
(21, 76, '2023-03-19', '300', 'njknj', '310001100300njknj', '1635,', 'TANMAY KUSWAHA,'),
(22, 77, '2023-03-19', '3000', 'JHVJHKLK', '3240012003000JHVJHKLK', '1635,', 'TANMAY KUSWAHA,'),
(23, 78, '2023-03-19', '3200', 'KJN', '3250012003200KJN', '1635,', 'TANMAY KUSWAHA,'),
(24, 79, '2023-03-19', '3200', 'KJN', '4800012003200KJN', '1635,', 'TANMAY KUSWAHA,'),
(25, 80, '2023-03-19', '3200', 'KJN', '6890012003200KJN', '1635,', 'TANMAY KUSWAHA,'),
(26, 81, '2023-03-19', '3000', 'OIJI', '54001103000OIJI', '1635,', 'TANMAY KUSWAHA,'),
(27, 82, '2023-03-21', '200', 'kbjnl', '23901200200kbjnl', '1635,', 'TANMAY KUSWAHA,'),
(28, 83, '2023-03-21', '200', 'kbjnl', '19901200200kbjnl', '1635,', 'TANMAY KUSWAHA,'),
(29, 84, '2023-03-21', '200', 'kbjnl', '15901200200kbjnl', '1635,', 'TANMAY KUSWAHA,'),
(30, 85, '2023-03-22', '0', 'kbkj', '19100100kbkj', '2211', 'BADAL VERMA'),
(31, 86, '2023-03-23', '1000', ' k', '859011001000 k', '1635', 'TANMAY KUSWAHA'),
(32, 87, '2023-03-23', '1000', ' k', '749011001000 k', '1635', 'TANMAY KUSWAHA'),
(33, 88, '2023-06-10', '2', 'vjhb', '28300202vjhb', '2230,2229', 'AKSHATA PANDEY,PARTH PANDEY'),
(34, 89, '2023-06-15', '7600', 'DUES 3400', '11000107600DUES 3400', '1714', 'KALPIT VISWAKARMA'),
(35, 90, '2023-07-02', '6300', 'paid locally', '6300206300paid locally', '2217,2218', 'HARDIK SINGH,MANYA SINGH'),
(36, 91, '2023-07-02', '2800', '', '2800202800', '1936,1749', 'RISHABH KRISHNA,SHREYANSH KRISHAN ARYAN'),
(37, 81, '2023-07-06', '7900', '', '790027900', '1766,1801', 'AMAN YADAV,ALOK YADAV'),
(38, 82, '2023-07-24', '3000', '', '2680033000', '1819,1816,2115', 'ANUSHKA GUPTA,AYUSHI GUPTA,ARYAN GUPTA'),
(39, 83, '2023-07-25', '3000', '', '26800303000', '1819,1816,2115', 'ANUSHKA GUPTA,AYUSHI GUPTA,ARYAN GUPTA'),
(40, 84, '2023-07-25', '4700', '', '4700204700', '1601,2226', 'ARADHYA SINGH,ASHI SINGH'),
(41, 85, '2023-07-25', '800', '', '160010800', '2117', 'DEVANSHI SINGH'),
(42, 86, '2023-07-25', '10800', '', '206002010800', '2246,2247', 'SAURAV SINGH,ABHINANDAN SINGH'),
(43, 87, '2023-07-25', '4400', '', '4400104400', '2213', 'VARTIKA'),
(44, 88, '2023-07-25', '7600', '', '11000107600', '1714', 'KALPIT VISWAKARMA'),
(45, 89, '2023-07-25', '2500', '', '8300102500', '1357', 'UTKARSH SINGH'),
(46, 90, '2023-08-15', '800', '08-05-2023R505', '8001080008-05-2023R505', '2117', 'DEVANSHI SINGH'),
(47, 91, '2023-08-15', '4700', '07-05-2023R504', '470020470007-05-2023R504', '1601,2226', 'ARADHYA SINGH,ASHI SINGH'),
(48, 92, '2023-08-15', '1900', '02-05-2023R501', '540013500190002-05-2023R501', '2317', 'AMAAN ANSARI'),
(49, 93, '2023-08-15', '1400', '11-05-2023R507', '140010140011-05-2023R507', '2118', 'ABHINAV KUMAR'),
(50, 94, '2023-08-15', '3400', '14-05-2023R512', '560012200340014-05-2023R512', '2301', 'ANKITA TIWARI'),
(51, 95, '2023-08-15', '2800', '24-05-2023R514', '280020280024-05-2023R514', '1936,1749', 'RISHABH KRISHNA,SHREYANSH KRISHAN ARYAN'),
(52, 96, '2023-08-15', '13000', '20-06-2023R518', '15400224001300020-06-2023R518', '2240,2241', 'JANHVI TRIPATHI,RUDRA TRIPATHI'),
(53, 97, '2023-08-15', '2800', '03-07-2023R520', '280010280003-07-2023R520', '2009', 'SHARAD AMBEDKAR'),
(54, 98, '2023-08-15', '600', '17-04-2023R492', '6001060017-04-2023R492', '1855', 'DARSH PANDEY'),
(55, 99, '2023-08-15', '1800', '05-07-2023R524', '180010180005-07-2023R524', '1855', 'DARSH PANDEY'),
(56, 100, '2023-08-15', '3000', '05-07-2023R525', '960010300005-07-2023R525', '1844', 'SHUBH PATHAK'),
(57, 101, '2023-08-15', '4000', '05-07-2023R528', '54002700400005-07-2023R528', '1601,2226', 'ARADHYA SINGH,ASHI SINGH'),
(58, 102, '2023-08-15', '1400', '06-07-2023R531', '140010140006-07-2023R531', '1937', 'SANIDHYA KUMAR PATEL'),
(59, 103, '2023-08-15', '4000', '01-05-2023R500', '980020400001-05-2023R500', '2105,2311', 'CHITRA SINGH,SUDIKSHA SINGH'),
(60, 104, '2023-08-15', '3000', '05-07-2023R533', '760022600300005-07-2023R533', '2105,2311', 'CHITRA SINGH,SUDIKSHA SINGH'),
(61, 105, '2023-08-15', '3500', '07-07-2023R534', '1110011900350007-07-2023R534', '1849', 'ARYAN YADAV'),
(62, 106, '2023-08-16', '5400', '07-07-2023R535', '1530019900540007-07-2023R535', '2308', 'PARIDHI DEVI'),
(63, 107, '2023-08-16', '4900', '10-07-2023R539', '820010490010-07-2023R539', '1769', 'MANSI SINGH'),
(64, 108, '2023-08-16', '15000', '13-07-2023R542', '612002200001500013-07-2023R542', '2318,2319', 'VIVANDHAR DUBEY,ABHI DHAR DUBEY'),
(65, 109, '2023-08-16', '30000', '14-07-2023R543', '39250203000014-07-2023R543', '1707,1706', 'NAVYA SINGH,PURVIKA SINGH'),
(66, 110, '2023-08-16', '1200', '19-07-2023R544', '11010020120019-07-2023R544', '1787,1856', 'PARI SINGH,VAISHNAVI  SINGH'),
(67, 111, '2023-08-16', '2400', '23-07-2023R546', '390011500240023-07-2023R546', '1770', 'ARADHYA SINGH'),
(68, 112, '2023-08-16', '4500', '23-07-2023R546,475', '570011200450023-07-2023R546,475', '1770', 'ARADHYA SINGH'),
(69, 113, '2023-08-16', '40000', '23-07-2023R547', '49000290004000023-07-2023R547', '1804,2276', 'SHRISTI RAY,VAIBHAV SINGH'),
(70, 114, '2023-08-16', '2400', '23-07-2023R548', '240010240023-07-2023R548', '2213', 'VARTIKA'),
(71, 115, '2023-08-16', '6900', '25-07-2023R549', '690020690025-07-2023R549', '2217,2218', 'HARDIK SINGH,MANYA SINGH'),
(72, 116, '2023-08-16', '1000', '26-07-2023R550', '280010100026-07-2023R550', '1634', 'ADITYA SEHAGAL'),
(73, 117, '2023-08-16', '7400', '26-07-2023R551', '80001600740026-07-2023R551', '1339', 'YOGESH'),
(74, 118, '2023-08-16', '2200', '28-07-2023R553', '76001400220028-07-2023R553', '1782', 'ADARSH VERMA'),
(75, 119, '2023-08-16', '9900', '28-07-2023R554', '1840011500990028-07-2023R554', '2239', 'KIRTI RAJ SONI'),
(76, 120, '2023-08-16', '4900', '30-07-2023R556', '760010490030-07-2023R556', '1714', 'KALPIT VISWAKARMA'),
(77, 121, '2023-08-16', '5400', '30-07-2023R557', '60001600540030-07-2023R557', '2127', 'ROMIT SINGH'),
(78, 122, '2023-08-16', '12500', '01-08-2023R558', '12500101250001-08-2023R558', '1902', 'DEV SINGH'),
(79, 123, '2023-08-16', '2400', '03-08-2023R561', '240010240003-08-2023R561', '2117', 'DEVANSHI SINGH'),
(80, 124, '2023-08-16', '3000', '04-08-2023r562', '700020300004-08-2023r562', '2102,2101', 'SIDDHI SINGH,SONAL SINGH'),
(81, 125, '2023-08-16', '2700', '04-08-2023R563', '270020270004-08-2023R563', '1601,2226', 'ARADHYA SINGH,ASHI SINGH'),
(82, 126, '2023-08-16', '600', '06-08-2023R567', '6001060006-08-2023R567', '1855', 'DARSH PANDEY'),
(83, 127, '2023-08-16', '7800', '06-08-2023R569', '780020780006-08-2023R569', '1766,1801', 'AMAN YADAV,ALOK YADAV'),
(84, 128, '2023-08-16', '3500', '10-08-2023R571', '350010350010-08-2023R571', '2304', 'DIVYANSHU '),
(85, 129, '2023-08-16', '7900', '11-08-2023R573', '790010790011-08-2023R573', '1824', 'SHIVANG SINGH'),
(86, 130, '2023-08-16', '16900', '11-08-2023R574', '1770018001690011-08-2023R574', '2001', 'ANURADHA  VERMA'),
(87, 131, '2023-08-16', '5600', '11-08-2023R575', '810010560011-08-2023R575', '2125', 'VIKRANT SINGH'),
(88, 132, '2023-08-16', '4100', '12-08-2023R576', '1290020410012-08-2023R576', '2105,2311', 'CHITRA SINGH,SUDIKSHA SINGH'),
(89, 133, '2023-08-16', '10000', '13-08-2023R577', '15300153001000013-08-2023R577', '2306', 'DEVANSH SANDEEP TIWARI'),
(90, 134, '2023-08-16', '12000', '13-08-2023R578', '114200201200013-08-2023R578', '1787,1856', 'PARI SINGH,VAISHNAVI  SINGH'),
(91, 135, '2023-08-16', '20000', '10-08-2023R580', '538002118002000010-08-2023R580', '1901,1906', 'SUMAT SINGH,SAKSHI SINGH'),
(92, 136, '2023-08-16', '7900', '16-08-2023R581', '790010790016-08-2023R581', '2201', 'PIYUSH SINGH');

-- --------------------------------------------------------

--
-- Table structure for table `receipt_count`
--

CREATE TABLE `receipt_count` (
  `id` int(11) NOT NULL,
  `receipt_no` int(11) DEFAULT NULL,
  `year` int(11) DEFAULT NULL
) ENGINE=InnoDB DEFAULT CHARSET=utf8 COLLATE=utf8_unicode_ci;

--
-- Dumping data for table `receipt_count`
--

INSERT INTO `receipt_count` (`id`, `receipt_no`, `year`) VALUES
(1, 136, 2022);

-- --------------------------------------------------------

--
-- Table structure for table `student_2022`
--

CREATE TABLE `student_2022` (
  `id` int(11) NOT NULL,
  `admno` varchar(10) NOT NULL,
  `class` varchar(5) NOT NULL,
  `transport_route` int(3) DEFAULT NULL,
  `dues` varchar(10) NOT NULL DEFAULT '0',
  `rte` tinyint(1) NOT NULL DEFAULT 0,
  `paid_upto` int(5) DEFAULT NULL,
  `amt_paid` double DEFAULT NULL,
  `discount` double DEFAULT NULL,
  `remark` varchar(400) DEFAULT NULL
) ENGINE=InnoDB DEFAULT CHARSET=utf8 COLLATE=utf8_unicode_ci;

--
-- Dumping data for table `student_2022`
--

INSERT INTO `student_2022` (`id`, `admno`, `class`, `transport_route`, `dues`, `rte`, `paid_upto`, `amt_paid`, `discount`, `remark`) VALUES
(4, '2136', 'VIII', NULL, '0.0', 0, 0, 0, 0, ''),
(5, '1927', 'VIII', NULL, '0.0', 0, 0, 0, 0, ''),
(6, '1827', 'VIII', NULL, '0.0', 0, 0, 0, 0, ''),
(7, '1434', 'VIII', NULL, '20800', 0, 3, 750, 0, ''),
(8, '1418', 'VIII', NULL, '0.0', 0, 0, 0, 0, ''),
(9, '1351', 'VIII', NULL, '0.0', 0, 0, 0, 0, ''),
(10, '2120', 'VIII', NULL, '9100', 0, 3, 0, 0, 'hvm'),
(11, '1252', 'VIII', NULL, '0.0', 0, 0, 0, 0, ''),
(12, '1247', 'VIII', NULL, '0.0', 0, 0, 0, 0, ''),
(13, '1388', 'VIII', NULL, '0.0', 0, 0, 0, 0, ''),
(14, '1240', 'VIII', NULL, '0.0', 0, 0, 0, 0, ''),
(15, '1851', 'VIII', NULL, '0.0', 0, 0, 0, 0, ''),
(16, '2141', 'VIII', NULL, '0.0', 0, 0, 0, 0, ''),
(17, '2005', 'VIII', NULL, '0.0', 0, 0, 0, 0, ''),
(18, '1912', 'VIII', NULL, '0.0', 0, 0, 0, 0, ''),
(19, '1386', 'VIII', NULL, '0.0', 0, 0, 0, 0, ''),
(20, '1809', 'VIII', NULL, '0.0', 0, 0, 0, 0, ''),
(21, '1245', 'VIII', NULL, '0.0', 0, 0, 0, 0, ''),
(22, '2121', 'VIII', NULL, '0.0', 0, 0, 0, 0, ''),
(24, '1542', 'VII', NULL, '0.0', 0, 0, 0, 0, ''),
(25, '1646', 'VII', NULL, '0.0', 0, 0, 0, 0, ''),
(26, '1548', 'VII', NULL, '0.0', 0, 0, 0, 0, ''),
(27, '1633', 'VII', NULL, '0.0', 0, 0, 0, 0, ''),
(28, '1928', 'VII', NULL, '0.0', 0, 0, 0, 0, ''),
(29, '1424', 'VII', NULL, '0.0', 0, 0, 0, 0, ''),
(30, '2001', 'VII', NULL, '0.0', 0, 0, 0, 0, ''),
(31, '1819', 'VII', NULL, '0.0', 0, 0, 0, 0, ''),
(32, '1609', 'VII', NULL, '0.0', 0, 0, 0, 0, ''),
(33, '1647', 'VII', NULL, '0.0', 0, 0, 0, 0, ''),
(34, '1555', 'VII', NULL, '0.0', 0, 0, 0, 0, ''),
(35, '1702', 'VII', NULL, '0.0', 0, 0, 0, 0, ''),
(36, '2111', 'VII', NULL, '0.0', 0, 0, 0, 0, ''),
(37, '2110', 'VII', NULL, '0.0', 0, 0, 0, 0, ''),
(38, '1405', 'VII', NULL, '0.0', 0, 0, 0, 0, ''),
(39, '1825', 'VII', NULL, '0.0', 0, 0, 0, 0, ''),
(41, '1408', 'VII', NULL, '0.0', 0, 0, 0, 0, ''),
(42, '1820', 'VII', NULL, '0.0', 0, 0, 0, 0, ''),
(43, '1549', 'VII', NULL, '0.0', 0, 0, 0, 0, ''),
(44, '1712', 'VII', NULL, '0.0', 0, 0, 0, 0, ''),
(45, '1812', 'VII', NULL, '0.0', 0, 0, 0, 0, ''),
(46, '1357', 'VII', NULL, '0.0', 0, 0, 0, 0, ''),
(47, '1404', 'VII', NULL, '0.0', 0, 0, 0, 0, ''),
(48, '1931', 'VII', NULL, '0.0', 0, 0, 0, 0, ''),
(49, '1339', 'VII', NULL, '0.0', 0, 0, 0, 0, ''),
(50, '1605', 'VII', NULL, '0.0', 0, 0, 0, 0, ''),
(51, '2246', 'VII', NULL, '0.0', 0, 0, 0, 0, ''),
(52, '2253', 'VII', NULL, '0.0', 0, 0, 0, 0, ''),
(53, '1782', 'VI', NULL, '0.0', 0, 0, 0, 0, ''),
(54, '1756', 'VI', NULL, '0.0', 0, 0, 0, 0, ''),
(55, '1765', 'VI', NULL, '0.0', 0, 0, 0, 0, ''),
(56, '1645', 'VI', NULL, '0.0', 0, 0, 0, 0, ''),
(57, '1535', 'VI', NULL, '0.0', 0, 0, 0, 0, ''),
(58, '1714', 'VI', NULL, '0.0', 0, 0, 0, 0, ''),
(59, '1430', 'VI', NULL, '0.0', 0, 0, 0, 0, ''),
(60, '1839', 'VI', NULL, '0.0', 0, 0, 0, 0, ''),
(61, '1428', 'VI', NULL, '0.0', 0, 0, 0, 0, ''),
(62, '1546', 'VI', NULL, '0.0', 0, 0, 0, 0, ''),
(63, '1427', 'VI', NULL, '0.0', 0, 0, 0, 0, ''),
(64, '1416', 'VI', NULL, '0.0', 0, 0, 0, 0, ''),
(65, '1848', 'VI', NULL, '0.0', 0, 0, 0, 0, ''),
(66, '1617', 'VI', NULL, '0.0', 0, 0, 0, 0, ''),
(67, '1558', 'VI', NULL, '0.0', 0, 0, 0, 0, ''),
(68, '1420', 'VI', NULL, '0.0', 0, 0, 0, 0, ''),
(69, '2125', 'VI', NULL, '0.0', 0, 0, 0, 0, ''),
(70, '2203', 'VI', NULL, '0.0', 0, 0, 0, 0, ''),
(71, '2215', 'VI', NULL, '0.0', 0, 0, 0, 0, ''),
(72, '2235', 'VI', NULL, '0.0', 0, 0, 0, 0, ''),
(73, '1738', 'V', NULL, '0.0', 0, 0, 0, 0, ''),
(74, '2107', 'V', NULL, '0.0', 0, 0, 0, 0, ''),
(75, '1601', 'V', NULL, '0.0', 0, 0, 0, 0, ''),
(76, '2138', 'V', NULL, '0.0', 0, 0, 0, 0, ''),
(77, '1526', 'V', NULL, '0.0', 0, 0, 0, 0, ''),
(78, '1775', 'V', NULL, '0.0', 0, 0, 0, 0, ''),
(79, '2129', 'V', NULL, '0.0', 0, 0, 0, 0, ''),
(80, '1780', 'V', NULL, '0.0', 0, 0, 0, 0, ''),
(81, '1648', 'V', NULL, '0.0', 0, 0, 0, 0, ''),
(82, '1550', 'V', NULL, '0.0', 0, 0, 0, 0, ''),
(83, '1707', 'V', NULL, '0.0', 0, 0, 0, 0, ''),
(84, '2106', 'V', NULL, '0.0', 0, 0, 0, 0, ''),
(85, '1787', 'V', NULL, '0.0', 0, 0, 0, 0, ''),
(86, '1536', 'V', NULL, '0.0', 0, 0, 0, 0, ''),
(87, '1859', 'V', NULL, '0.0', 0, 0, 0, 0, ''),
(88, '1858', 'V', NULL, '0.0', 0, 0, 0, 0, ''),
(89, '2132', 'V', NULL, '0.0', 0, 0, 0, 0, ''),
(90, '1620', 'V', NULL, '0.0', 0, 0, 0, 0, ''),
(91, '1614', 'V', NULL, '0.0', 0, 0, 0, 0, ''),
(92, '1902', 'V', NULL, '0.0', 0, 0, 0, 0, ''),
(93, '2255', 'V', NULL, '0.0', 0, 0, 0, 0, ''),
(94, '2208', 'V', NULL, '0.0', 0, 0, 0, 0, ''),
(95, '2240', 'V', NULL, '0.0', 0, 0, 0, 0, ''),
(96, '1641', 'IV', NULL, '0.0', 0, 0, 0, 0, ''),
(97, '1634', 'IV', NULL, '0.0', 0, 0, 0, 0, ''),
(98, '1766', 'IV', NULL, '0.0', 0, 0, 0, 0, ''),
(99, '1759', 'IV', NULL, '0.0', 0, 0, 0, 0, ''),
(100, '1950', 'IV', NULL, '0.0', 0, 0, 0, 0, ''),
(101, '1708', 'IV', NULL, '0.0', 0, 0, 0, 0, ''),
(102, '1947', 'IV', NULL, '0.0', 0, 0, 0, 0, ''),
(103, '1602', 'IV', NULL, '0.0', 0, 0, 0, 0, ''),
(104, '1937', 'IV', NULL, '0.0', 0, 0, 0, 0, ''),
(105, '1901', 'IV', NULL, '0.0', 0, 0, 0, 0, ''),
(106, '1635', 'IV', 7, '9360', 0, 8, 2360, 420, ' jk'),
(107, '1934', 'IV', NULL, '0.0', 0, 0, 0, 0, ''),
(108, '2011', 'IV', NULL, '0.0', 0, 0, 0, 0, ''),
(109, '2109', 'IV', NULL, '0.0', 0, 0, 0, 0, ''),
(110, '2205', 'IV', NULL, '0.0', 0, 0, 0, 0, ''),
(111, '2211', 'IV', NULL, '0.0', 0, 0, 0, 0, ''),
(112, '2213', 'IV', NULL, '0.0', 0, 0, 0, 0, ''),
(113, '2217', 'IV', NULL, '0.0', 0, 0, 0, 0, ''),
(114, '2234', 'IV', NULL, '0.0', 0, 0, 0, 0, ''),
(115, '2239', 'IV', NULL, '0.0', 0, 0, 0, 0, ''),
(116, '1537', 'IV', NULL, '0.0', 0, 0, 0, 0, ''),
(117, '2130', 'III', NULL, '0.0', 0, 0, 0, 0, ''),
(118, '1770', 'III', NULL, '0.0', 0, 0, 0, 0, ''),
(120, '1849', 'III', NULL, '0.0', 0, 0, 0, 0, ''),
(121, '1758', 'III', NULL, '0.0', 0, 0, 0, 0, ''),
(122, '1716', 'III', NULL, '0.0', 0, 0, 0, 0, ''),
(123, '1816', 'III', NULL, '0.0', 0, 0, 0, 0, ''),
(124, '1941', 'III', NULL, '0.0', 0, 0, 0, 0, ''),
(125, '1907', 'III', NULL, '0.0', 0, 0, 0, 0, ''),
(126, '1734', 'III', NULL, '0.0', 0, 0, 0, 0, ''),
(127, '1769', 'III', NULL, '0.0', 0, 0, 0, 0, ''),
(128, '1701', 'III', NULL, '0.0', 0, 0, 0, 0, ''),
(129, '1911', 'III', NULL, '0.0', 0, 0, 0, 0, ''),
(130, '1925', 'III', NULL, '0.0', 0, 0, 0, 0, ''),
(131, '2108', 'III', NULL, '0.0', 0, 0, 0, 0, ''),
(132, '1748', 'III', NULL, '0.0', 0, 0, 0, 0, ''),
(133, '1730', 'III', NULL, '0.0', 0, 0, 0, 0, ''),
(134, '1824', 'III', NULL, '0.0', 0, 0, 0, 0, ''),
(135, '1731', 'III', NULL, '0.0', 0, 0, 0, 0, ''),
(136, '1804', 'III', NULL, '0.0', 0, 0, 0, 0, ''),
(137, '1776', 'III', 6, '0.0', 0, 0, 0, 0, ''),
(138, '1940', 'III', NULL, '0.0', 0, 0, 0, 0, ''),
(139, '1909', 'III', NULL, '0.0', 0, 0, 0, 0, ''),
(140, '1854', 'III', NULL, '0.0', 0, 0, 0, 0, ''),
(141, '1908', 'III', NULL, '0.0', 0, 0, 0, 0, ''),
(142, '2008', 'III', NULL, '0.0', 0, 0, 0, 0, ''),
(143, '2009', 'III', NULL, '0.0', 0, 0, 0, 0, ''),
(144, '1853', 'III', NULL, '0.0', 0, 0, 0, 0, ''),
(146, '2247', 'III', NULL, '0.0', 0, 0, 0, 0, ''),
(147, '2209', 'III', NULL, '0.0', 0, 0, 0, 0, ''),
(148, '2012', 'III', NULL, '0.0', 0, 0, 0, 0, ''),
(149, '1801', 'II', NULL, '0.0', 0, 0, 0, 0, ''),
(150, '1938', 'II', NULL, '0.0', 0, 0, 0, 0, ''),
(151, '1817', 'II', NULL, '0.0', 0, 0, 0, 0, ''),
(152, '1855', 'II', NULL, '0.0', 0, 0, 0, 0, ''),
(153, '2135', 'II', NULL, '0.0', 0, 0, 0, 0, ''),
(154, '1806', 'II', NULL, '0.0', 0, 0, 0, 0, ''),
(155, '1948', 'II', NULL, '0.0', 0, 0, 0, 0, ''),
(156, '1856', 'II', NULL, '0.0', 0, 0, 0, 0, ''),
(157, '1706', 'II', NULL, '0.0', 0, 0, 0, 0, ''),
(158, '1807', 'II', NULL, '0.0', 0, 0, 0, 0, ''),
(159, '2119', 'II', NULL, '0.0', 0, 0, 0, 0, ''),
(160, '2201', 'II', NULL, '0.0', 0, 0, 0, 0, ''),
(161, '2202', 'II', NULL, '0.0', 0, 0, 0, 0, ''),
(162, '2207', 'II', NULL, '0.0', 0, 0, 0, 0, ''),
(163, '2218', 'II', NULL, '0.0', 0, 0, 0, 0, ''),
(164, '1906', 'II', NULL, '0.0', 0, 0, 0, 0, ''),
(165, '2238', 'II', NULL, '0.0', 0, 0, 0, 0, ''),
(166, '1783', 'II', NULL, '0.0', 0, 0, 0, 0, ''),
(167, '1844', 'II', NULL, '0.0', 0, 0, 0, 0, ''),
(168, '1939', 'I', NULL, '0.0', 0, 0, 0, 0, ''),
(169, '2010', 'I', NULL, '0.0', 0, 0, 0, 0, ''),
(170, '2007', 'I', NULL, '0.0', 0, 0, 0, 0, ''),
(171, '2148', 'I', NULL, '0.0', 0, 0, 0, 0, ''),
(172, '2147', 'I', NULL, '0.0', 0, 0, 0, 0, ''),
(173, '1949', 'I', NULL, '0.0', 0, 0, 0, 0, ''),
(174, '1921', 'I', NULL, '0.0', 0, 0, 0, 0, ''),
(175, '1936', 'I', NULL, '0.0', 0, 0, 0, 0, ''),
(176, '2127', 'I', NULL, '0.0', 0, 0, 0, 0, ''),
(177, '1935', 'I', NULL, '0.0', 0, 0, 0, 0, ''),
(178, '1914', 'I', NULL, '0.0', 0, 0, 0, 0, ''),
(179, '1946', 'I', NULL, '0.0', 0, 0, 0, 0, ''),
(180, '1943', 'I', NULL, '0.0', 0, 0, 0, 0, ''),
(181, '2257', 'I', 6, '0.0', 0, 0, 0, 0, ''),
(182, '1926', 'I', NULL, '0.0', 0, 0, 0, 0, ''),
(183, '2204', 'I', NULL, '0.0', 0, 0, 0, 0, ''),
(184, '2206', 'I', NULL, '0.0', 0, 0, 0, 0, ''),
(185, '1845', 'I', NULL, '0.0', 0, 0, 0, 0, ''),
(186, '1910', 'I', NULL, '0.0', 0, 0, 0, 0, ''),
(187, '2258', 'I', NULL, '0.0', 0, 0, 0, 0, ''),
(188, '2243', 'I', NULL, '0.0', 0, 0, 0, 0, ''),
(189, '2242', 'I', NULL, '0.0', 0, 0, 0, 0, ''),
(190, '2245', 'I', NULL, '0.0', 0, 0, 0, 0, ''),
(191, '2237', 'I', NULL, '0.0', 0, 0, 0, 0, ''),
(192, '2105', 'U.K.G', NULL, '0.0', 0, 0, 0, 0, ''),
(193, '2117', 'U.K.G', NULL, '0.0', 0, 0, 0, 0, ''),
(194, '2104', 'U.K.G', NULL, '0.0', 0, 0, 0, 0, ''),
(195, '2118', 'U.K.G', NULL, '0.0', 0, 0, 0, 0, ''),
(196, '2113', 'U.K.G', NULL, '0.0', 0, 0, 0, 0, ''),
(197, '2254', 'U.K.G', NULL, '0.0', 0, 0, 0, 0, ''),
(198, '2223', 'U.K.G', NULL, '0.0', 0, 0, 0, 0, ''),
(199, '2228', 'U.K.G', NULL, '0.0', 0, 0, 0, 0, ''),
(200, '2236', 'U.K.G', NULL, '0.0', 0, 0, 0, 0, ''),
(201, '2230', 'U.K.G', NULL, '0.0', 0, 0, 0, 0, ''),
(202, '2231', 'U.K.G', NULL, '0.0', 0, 0, 0, 0, ''),
(203, '2256', 'U.K.G', NULL, '0.0', 0, 0, 0, 0, ''),
(204, '2227', 'NUR', NULL, '0.0', 0, 0, 0, 0, ''),
(205, '2210', 'NUR', NULL, '0.0', 0, 0, 0, 0, ''),
(206, '2212', 'NUR', NULL, '0.0', 0, 0, 0, 0, ''),
(207, '2214', 'NUR', NULL, '0.0', 0, 0, 0, 0, ''),
(208, '2222', 'NUR', NULL, '0.0', 0, 0, 0, 0, ''),
(209, '2224', 'NUR', NULL, '0.0', 0, 0, 0, 0, ''),
(210, '2225', 'NUR', NULL, '0.0', 0, 0, 0, 0, ''),
(212, '2244', 'NUR', NULL, '0.0', 0, 0, 0, 0, ''),
(213, '2229', 'NUR', NULL, '0.0', 0, 0, 0, 0, ''),
(215, '2102', 'L.K.G', NULL, '0.0', 0, 0, 0, 0, ''),
(216, '2114', 'L.K.G', NULL, '0.0', 0, 0, 0, 0, ''),
(217, '2101', 'L.K.G', NULL, '0.0', 0, 0, 0, 0, ''),
(218, '2216', 'L.K.G', NULL, '0.0', 0, 0, 0, 0, ''),
(219, '2219', 'L.K.G', NULL, '0.0', 0, 0, 0, 0, ''),
(220, '2220', 'L.K.G', NULL, '0.0', 0, 0, 0, 0, ''),
(221, '2221', 'L.K.G', NULL, '0.0', 0, 0, 0, 0, ''),
(223, '2259', 'L.K.G', NULL, '0.0', 0, 0, 0, 0, ''),
(224, '2232', 'L.K.G', NULL, '0.0', 0, 0, 0, 0, ''),
(225, '2233', 'L.K.G', NULL, '0.0', 0, 0, 0, 0, ''),
(226, '2249', 'L.K.G', NULL, '0.0', 0, 0, 0, 0, ''),
(227, '2248', 'L.K.G', NULL, '0.0', 0, 0, 0, 0, ''),
(228, '2250', 'U.K.G', NULL, '0', 0, 0, 0, 0, NULL),
(230, '2126', 'VIII', NULL, '0', 0, NULL, 0, 0, NULL),
(231, '1383', 'VIII', NULL, '0', 0, NULL, 0, 0, NULL);

-- --------------------------------------------------------

--
-- Table structure for table `student_2023`
--

CREATE TABLE `student_2023` (
  `id` int(11) NOT NULL,
  `admno` varchar(10) NOT NULL,
  `class` varchar(5) NOT NULL,
  `transport_route` int(3) DEFAULT NULL,
  `dues` varchar(10) NOT NULL DEFAULT '0',
  `rte` tinyint(1) NOT NULL DEFAULT 0,
  `paid_upto` int(5) DEFAULT NULL,
  `amt_paid` double DEFAULT NULL,
  `discount` double DEFAULT NULL,
  `remark` varchar(400) DEFAULT NULL,
  `last_updated_at` date NOT NULL DEFAULT current_timestamp()
) ENGINE=InnoDB DEFAULT CHARSET=utf8 COLLATE=utf8_unicode_ci;

--
-- Dumping data for table `student_2023`
--

INSERT INTO `student_2023` (`id`, `admno`, `class`, `transport_route`, `dues`, `rte`, `paid_upto`, `amt_paid`, `discount`, `remark`, `last_updated_at`) VALUES
(24, '1542', 'VIII', NULL, '7000', 0, 0, 0, 0, '', '2023-06-10'),
(31, '1819', 'VIII', NULL, '0', 0, 0, 0, 0, '', '2023-06-10'),
(35, '1702', 'VIII', NULL, '600', 0, 0, 0, 0, '', '2023-06-10'),
(48, '1931', 'VIII', NULL, '1800', 0, 0, 0, 0, '', '2023-06-10'),
(51, '2246', 'VIII', NULL, '550', 0, 0, 0, 0, '', '2023-06-10'),
(53, '1782', 'VII', NULL, '5000', 0, 7, 1100, 400, '28-07-2023R553', '2023-06-10'),
(57, '1535', 'VII', NULL, '500.0', 1, 0, 0, 0, '', '2023-06-10'),
(58, '1714', 'VII', NULL, '2700', 0, 7, 10050, 0, '30-07-2023R556', '2023-06-10'),
(66, '1617', 'VII', NULL, '0.0', 0, 0, 0, 0, '', '2023-06-10'),
(67, '1558', 'VII', NULL, '0.0', 1, 0, 0, 0, '', '2023-06-10'),
(68, '1420', 'VII', 3, '0.0', 0, 0, 0, 0, '', '2023-06-10'),
(69, '2125', 'VII', NULL, '2500', 0, 8, 4200, 0, '11-08-2023R575', '2023-06-10'),
(70, '2203', 'VII', NULL, '0.0', 0, 0, 0, 0, '', '2023-06-10'),
(72, '2235', 'VII', NULL, '0.0', 0, 0, 0, 0, '', '2023-06-10'),
(75, '1601', 'VI', 5, '0', 0, 7, 5366.6666666667, 350, '04-08-2023R563', '2023-06-10'),
(76, '2138', 'VI', 6, '0.0', 0, 0, 0, 0, '', '2023-06-10'),
(77, '1526', 'VI', NULL, '0.0', 0, 0, 0, 0, '', '2023-06-10'),
(78, '1775', 'VI', NULL, '17200', 1, 0, 0, 0, '', '2023-06-10'),
(80, '1780', 'VI', NULL, '0.0', 0, 0, 0, 0, '', '2023-06-10'),
(81, '1648', 'VI', NULL, '16000', 0, 0, 0, 0, '', '2023-06-10'),
(82, '1550', 'VI', NULL, '16000', 0, 0, 0, 0, '', '2023-06-10'),
(83, '1707', 'VI', 15, '4625', 0, 7, 10000, 0, '14-07-2023R543', '2023-06-10'),
(85, '1787', 'VI', 15, '51100', 0, 8, 4400, 0, '13-08-2023R578', '2023-06-10'),
(86, '1536', 'VI', NULL, '0', 0, 0, 0, 0, '', '2023-06-10'),
(87, '1859', 'VI', NULL, '0.0', 1, 0, 0, 0, '', '2023-06-10'),
(88, '1858', 'VI', NULL, '0.0', 1, 0, 0, 0, '', '2023-06-10'),
(89, '2132', 'VI', NULL, '0.0', 0, 0, 0, 0, '', '2023-06-10'),
(91, '1614', 'VI', NULL, '10000', 0, 0, 0, 0, '', '2023-06-10'),
(92, '1902', 'VI', 5, '0', 0, 8, 6250, 0, '01-08-2023R558', '2023-06-10'),
(93, '2255', 'VI', NULL, '0.0', 0, 0, 0, 0, '', '2023-06-10'),
(94, '2208', 'VI', NULL, '0.0', 0, 0, 0, 0, '', '2023-06-10'),
(95, '2240', 'VI', 1, '0', 0, 6, 4333.3333333333, 1200, '20-06-2023R518', '2023-06-10'),
(96, '1641', 'V', NULL, '7400', 0, 0, 0, 0, '', '2023-06-10'),
(97, '1634', 'V', 5, '1800', 1, 7, 500, 0, '26-07-2023R550', '2023-06-10'),
(98, '1766', 'V', 7, '0', 0, 6, 5233.333333333299, 0, '06-08-2023R569', '2023-06-10'),
(99, '1759', 'V', NULL, '0.0', 1, 0, 0, 0, '', '2023-06-10'),
(102, '1947', 'V', NULL, '0.0', 1, 0, 0, 0, '', '2023-06-10'),
(103, '1602', 'V', NULL, '17900', 0, 3, 0, 0, '', '2023-06-10'),
(104, '1937', 'V', 5, '0', 1, 5, 700, 0, '06-07-2023R531', '2023-06-10'),
(105, '1901', 'V', NULL, '11000', 0, 3, 6666.6666666667, 5900, '10-08-2023R580', '2023-06-10'),
(106, '1635', 'V', 7, '11570', 0, 9, 1310, 310, 'NEXT MAHINA', '2023-06-10'),
(107, '1934', 'V', NULL, '0.0', 1, 0, 0, 0, '', '2023-06-10'),
(108, '2011', 'V', NULL, '0.0', 1, 0, 0, 0, '', '2023-06-10'),
(109, '2109', 'V', NULL, '10000', 0, 3, 0, 0, '', '2023-06-10'),
(111, '2211', 'V', NULL, '0.0', 0, 0, 0, 0, '', '2023-06-10'),
(112, '2213', 'V', NULL, '0', 0, 7, 5200, 0, '23-07-2023R548', '2023-06-10'),
(113, '2217', 'V', NULL, '0', 0, 7, 4400, 0, '25-07-2023R549', '2023-06-10'),
(114, '2234', 'V', -1, '9000', 0, 0, 0, 0, '', '2023-06-10'),
(115, '2239', 'V', NULL, '7000', 0, 3, 4950, 1500, '28-07-2023R554', '2023-06-10'),
(116, '1537', 'V', NULL, '0', 0, 0, 0, 0, '', '2023-06-10'),
(118, '1770', 'IV', 6, '0', 0, 7, 3450, 2700, '23-07-2023R546,475', '2023-06-10'),
(120, '1849', 'IV', 6, '5700', 0, 7, 1750, 1900, '07-07-2023R534', '2023-06-10'),
(121, '1758', 'IV', NULL, '0.0', 1, 0, 0, 0, '', '2023-06-10'),
(122, '1716', 'V', 5, '5400', 0, 0, 0, 0, '', '2023-06-10'),
(123, '1816', 'IV', NULL, '0', 0, 0, 0, 0, '', '2023-06-10'),
(124, '1941', 'IV', NULL, '0.0', 1, 0, 0, 0, '', '2023-06-10'),
(125, '1907', 'IV', 5, '0.0', 0, 0, 0, 0, '', '2023-06-10'),
(127, '1769', 'IV', NULL, '3300', 0, 7, 2450, 0, '10-07-2023R539', '2023-06-10'),
(128, '1701', 'IV', NULL, '0.0', 1, 0, 0, 0, '', '2023-06-10'),
(129, '1911', 'IV', NULL, '0.0', 0, 0, 0, 0, '', '2023-06-10'),
(130, '1925', 'IV', NULL, '0.0', 0, 0, 0, 0, '', '2023-06-10'),
(132, '1748', 'IV', NULL, '0.0', 0, 0, 0, 0, '', '2023-06-10'),
(133, '1730', 'IV', NULL, '0.0', 0, 0, 0, 0, '', '2023-06-10'),
(134, '1824', 'IV', NULL, '0', 0, 8, 3950, 0, '11-08-2023R573', '2023-06-10'),
(136, '1804', 'IV', NULL, '0', 0, 3, 13333.333333333, 4500, '23-07-2023R547', '2023-06-10'),
(137, '1776', 'IV', NULL, '0.0', 0, 0, 0, 0, '', '2023-06-10'),
(138, '1940', 'IV', NULL, '0.0', 1, 0, 0, 0, '', '2023-06-10'),
(140, '1854', 'IV', NULL, '0.0', 1, 0, 0, 0, '', '2023-06-10'),
(141, '1908', 'IV', NULL, '0.0', 0, 0, 0, 0, '', '2023-06-10'),
(142, '2008', 'IV', NULL, '0.0', 1, 0, 0, 0, '', '2023-06-10'),
(143, '2009', 'IV', 5, '0', 1, 7, 1400, 0, '03-07-2023R520', '2023-06-10'),
(144, '1853', 'IV', NULL, '0.0', 1, 0, 0, 0, '', '2023-06-10'),
(146, '2247', 'IV', NULL, '550', 0, 0, 0, 0, '', '2023-06-10'),
(147, '2209', 'IV', NULL, '0.0', 0, 0, 0, 0, '', '2023-06-10'),
(149, '1801', 'III', 6, '0', 0, 6, 5233.333333333299, 0, '06-08-2023R569', '2023-06-10'),
(150, '1938', 'III', NULL, '0.0', 1, 0, 0, 0, '', '2023-06-10'),
(151, '1817', 'III', NULL, '0.0', 1, 0, 0, 0, '', '2023-06-10'),
(152, '1855', 'III', 2, '0', 1, 8, 1500, 0, '06-08-2023R567', '2023-06-10'),
(153, '2135', 'III', NULL, '2000', 0, 0, 0, 0, '', '2023-06-10'),
(154, '1806', 'III', 5, '700', 1, 0, 0, 0, '', '2023-06-10'),
(156, '1856', 'III', 15, '51100', 0, 8, 4400, 0, '13-08-2023R578', '2023-06-10'),
(157, '1706', 'III', 15, '4625', 0, 7, 10000, 0, '14-07-2023R543', '2023-06-10'),
(158, '1807', 'III', NULL, '0.0', 0, 0, 0, 0, '', '2023-06-10'),
(159, '2119', 'III', 5, '0.0', 1, 0, 0, 0, '', '2023-06-10'),
(160, '2201', 'III', NULL, '0', 0, 8, 3950, 0, '16-08-2023R581', '2023-06-10'),
(161, '2202', 'III', 8, '0.0', 0, 0, 0, 0, '', '2023-06-10'),
(162, '2207', 'III', NULL, '0.0', 0, 0, 0, 0, '', '2023-06-10'),
(163, '2218', 'III', NULL, '0', 0, 7, 4400, 0, '25-07-2023R549', '2023-06-10'),
(164, '1906', 'III', NULL, '11000', 0, 3, 6666.6666666667, 5900, '10-08-2023R580', '2023-06-10'),
(167, '1844', 'III', 6, '6600', 0, 7, 1500, 0, '05-07-2023R525', '2023-06-10'),
(169, '2010', 'II', NULL, '0', 1, 0, 0, 0, '', '2023-06-10'),
(170, '2007', 'II', 3, '0', 1, 0, 0, 0, '', '2023-06-10'),
(173, '1949', 'II', NULL, '0.0', 1, 0, 0, 0, '', '2023-06-10'),
(174, '1921', 'II', NULL, '5300', 0, 0, 0, 0, '', '2023-06-10'),
(175, '1936', 'II', 5, '0', 1, 5, 933.33333333333, 0, '24-05-2023R514', '2023-06-10'),
(176, '2127', 'II', NULL, '0', 0, 7, 2700, 600, '30-07-2023R557', '2023-06-10'),
(177, '1935', 'II', NULL, '0.0', 1, 0, 0, 0, '', '2023-06-10'),
(179, '1946', 'II', NULL, '0.0', 1, 0, 0, 0, '', '2023-06-10'),
(180, '1943', 'II', NULL, '0.0', 0, 0, 0, 0, '', '2023-06-10'),
(181, '2257', 'II', NULL, '17300', 0, 0, 0, 0, '', '2023-06-10'),
(182, '1926', 'II', NULL, '8000', 0, 0, 0, 0, '', '2023-06-10'),
(184, '2206', 'II', NULL, '0.0', 0, 0, 0, 0, '', '2023-06-10'),
(187, '2258', 'II', NULL, '0.0', 0, 0, 0, 0, '', '2023-06-10'),
(189, '2242', 'II', NULL, '8000.0', 0, 0, 0, 0, '', '2023-06-10'),
(192, '2105', 'I', 6, '4400', 0, 8, 3700, 1300, '12-08-2023R576', '2023-06-10'),
(193, '2117', 'I', 6, '0', 1, 7, 2000, 0, '03-08-2023R561', '2023-06-10'),
(194, '2104', 'I', NULL, '0.0', 0, 0, 0, 0, '', '2023-06-10'),
(196, '2113', 'I', NULL, '0.0', 0, 0, 0, 0, '', '2023-06-10'),
(197, '2254', 'I', NULL, '0.0', 0, 0, 0, 0, '', '2023-06-10'),
(198, '2223', 'I', NULL, '0.0', 0, 0, 0, 0, '', '2023-06-10'),
(201, '2230', 'I', NULL, '0', 0, 3, 0, 0, 'vjhb', '2023-06-10'),
(202, '2231', 'I', NULL, '2900', 0, 0, 0, 0, '', '2023-06-10'),
(204, '2226', 'L.K.G', 5, '0', 1, 7, 5366.6666666667, 350, '04-08-2023R563', '2023-06-10'),
(205, '2210', 'L.K.G', NULL, '0', 0, 0, 0, 0, '', '2023-06-10'),
(206, '2212', 'L.K.G', 1, '0.0', 0, 0, 0, 0, '', '2023-06-10'),
(207, '2214', 'L.K.G', 5, '0.0', 0, 0, 0, 0, '', '2023-06-10'),
(208, '2222', 'L.K.G', NULL, '3300', 1, 0, 0, 0, '', '2023-06-10'),
(209, '2224', 'L.K.G', 12, '0.0', 1, 0, 0, 0, '', '2023-06-10'),
(210, '2225', 'L.K.G', NULL, '0.0', 0, 0, 0, 0, '', '2023-06-10'),
(212, '2244', 'L.K.G', NULL, '0.0', 0, 0, 0, 0, '', '2023-06-10'),
(213, '2229', 'L.K.G', NULL, '19000', 0, 3, 5000, 0, 'vjhb', '2023-06-10'),
(215, '2102', 'III', 5, '2000', 1, 8, 1000, 0, '04-08-2023r562', '2023-06-10'),
(216, '2114', 'U.K.G', NULL, '0.0', 0, 0, 0, 0, '', '2023-06-10'),
(217, '2101', 'U.K.G', 5, '2000', 1, 8, 1000, 0, '04-08-2023r562', '2023-06-10'),
(218, '2216', 'U.K.G', NULL, '0.0', 0, 0, 0, 0, '', '2023-06-10'),
(219, '2219', 'U.K.G', NULL, '0.0', 0, 0, 0, 0, '', '2023-06-10'),
(220, '2220', 'U.K.G', NULL, '0.0', 0, 0, 0, 0, '', '2023-06-10'),
(221, '2221', 'U.K.G', NULL, '0.0', 0, 0, 0, 0, '', '2023-06-10'),
(223, '2259', 'U.K.G', NULL, '0.0', 0, 0, 0, 0, '', '2023-06-10'),
(224, '2232', 'U.K.G', NULL, '0', 0, 0, 0, 0, '', '2023-06-10'),
(225, '2233', 'U.K.G', NULL, '0', 0, 0, 0, 0, '', '2023-06-10'),
(226, '2249', 'U.K.G', NULL, '0.0', 0, 0, 0, 0, '', '2023-06-10'),
(227, '2253', 'U.K.G', NULL, '0.0', 0, 0, 0, 0, '', '2023-06-10'),
(228, '2250', 'I', NULL, '0', 0, 0, 0, 0, NULL, '2023-06-10'),
(229, '2251', 'U.K.G', NULL, '16000', 0, NULL, NULL, NULL, NULL, '2023-06-10'),
(230, '2274', 'II', NULL, '18000', 0, 3, NULL, NULL, NULL, '2023-06-10'),
(231, '1749', 'IV', 5, '0', 1, 5, NULL, NULL, '24-05-2023R514', '2023-06-10'),
(233, '2241', 'IV', 1, '0', 0, 6, 4333.3333333333, 1200, '20-06-2023R518', '2023-06-15'),
(234, '1339', 'VIII', NULL, '0', 0, 7, NULL, NULL, '26-07-2023R551', '2023-07-02'),
(235, '1765', 'VII', NULL, '0', 1, NULL, NULL, NULL, NULL, '2023-07-02'),
(236, '1546', 'VII', NULL, '0', 0, NULL, NULL, NULL, NULL, '2023-07-02'),
(237, '2252', 'II', NULL, '5000', 0, 0, 0, 0, NULL, '2023-07-02'),
(238, '2263', 'II', NULL, '0', 0, 0, 0, 0, NULL, '2023-07-02'),
(239, '2147', 'II', NULL, '42400', 0, NULL, NULL, NULL, NULL, '2023-07-02'),
(241, '2148', 'I', NULL, '0', 0, NULL, NULL, NULL, NULL, '2023-07-02'),
(242, '2276', 'II', NULL, '0', 0, 3, NULL, NULL, '23-07-2023R547', '2023-07-02'),
(247, '2227', 'L.K.G', NULL, '0', 1, 0, 0, 0, NULL, '2023-07-02'),
(248, '2115', 'III', NULL, '0', 0, 0, 0, 0, '', '2023-07-24'),
(249, '1357', 'VIII', NULL, '800', 0, 0, 0, 0, '', '2023-07-25'),
(250, '2126', 'VIII', NULL, '0', 0, 0, 0, 0, NULL, '2023-08-06'),
(251, '2306', 'L.K.G', NULL, '0', 0, 3, 5000, 5300, '13-08-2023R577', '2023-08-13'),
(252, '2314', 'NUR', NULL, '0', 0, 0, 0, 0, NULL, '2023-08-13'),
(253, '2307', 'NUR', NULL, '0', 0, 0, 0, 0, NULL, '2023-08-13'),
(254, '2308', 'L.K.G', NULL, '0', 0, 3, 2700, 9900, '07-07-2023R535', '2023-08-13'),
(255, '2309', 'L.K.G', NULL, '0', 1, 0, 0, 0, NULL, '2023-08-13'),
(256, '2310', 'L.K.G', NULL, '0', 0, 0, 0, 0, NULL, '2023-08-13'),
(257, '2311', 'L.K.G', 6, '4400', 0, 8, 3700, 1300, '12-08-2023R576', '2023-08-13'),
(258, '2312', 'U.K.G', NULL, '0', 1, 0, 0, 0, NULL, '2023-08-13'),
(259, '2313', 'U.K.G', NULL, '0', 1, 0, 0, 0, NULL, '2023-08-13'),
(260, '2303', 'NUR', NULL, '0', 1, 0, 0, 0, NULL, '2023-08-13'),
(261, '2304', 'NUR', 5, '0', 1, 8, 1750, 0, '10-08-2023R571', '2023-08-13'),
(262, '2315', 'NUR', NULL, '0', 1, 0, 0, 0, NULL, '2023-08-13'),
(263, '2305', 'NUR', NULL, '0', 0, 0, 0, 0, NULL, '2023-08-13'),
(264, '2302', 'NUR', NULL, '0', 1, 0, 0, 0, NULL, '2023-08-13'),
(265, '2301', 'NUR', NULL, '0', 0, 5, 1700, 2200, '14-05-2023R512', '2023-08-13'),
(266, '2317', 'U.K.G', 2, '0', 0, 4, 950, 3500, '02-05-2023R501', '2023-08-13'),
(268, '2320', 'VI', NULL, '0', 0, 0, 0, 0, NULL, '2023-08-13'),
(269, '2318', 'II', 16, '13100', 0, 3, 5000, 10000, '13-07-2023R542', '2023-08-13'),
(273, '2001', 'VIII', 5, '0', 0, 8, 8450, 800, '11-08-2023R574', '2023-08-13'),
(274, '2268', 'VI', NULL, '0', 0, NULL, 0, 0, NULL, '2023-08-13'),
(275, '2319', 'IV', 16, '13100', 0, 3, 5000, 10000, '13-07-2023R542', '2023-08-13'),
(276, '2118', 'U.K.G', 5, '0', 1, 5, 700, 0, '11-05-2023R507', '2023-08-15'),
(277, '2256', 'II', NULL, '0', 0, NULL, 0, 0, NULL, '2023-08-16');

-- --------------------------------------------------------

--
-- Table structure for table `student_detail`
--

CREATE TABLE `student_detail` (
  `id` int(11) NOT NULL,
  `admno` varchar(10) NOT NULL,
  `name` varchar(100) NOT NULL,
  `family_id` int(11) DEFAULT NULL,
  `email_id` varchar(100) DEFAULT NULL,
  `aadhaar` varchar(16) DEFAULT NULL,
  `dob` varchar(10) DEFAULT NULL COMMENT 'fill like DD/MM/YYYY',
  `father_name` varchar(100) DEFAULT NULL,
  `mother_name` varchar(100) DEFAULT NULL,
  `address` varchar(300) DEFAULT NULL,
  `mob1` varchar(10) DEFAULT NULL,
  `religion` varchar(100) DEFAULT NULL COMMENT 'fill like HINDU OBC',
  `active` tinyint(1) NOT NULL DEFAULT 1,
  `enrolled_in_date` varchar(10) DEFAULT NULL COMMENT 'format DD/MM/YYYY',
  `enrolled_out_date` varchar(10) DEFAULT NULL COMMENT 'format DD/MM/YYYY',
  `previous_attended_school` varchar(200) DEFAULT NULL,
  `notes` varchar(500) DEFAULT NULL,
  `last_updated_at` date NOT NULL DEFAULT current_timestamp()
) ENGINE=InnoDB DEFAULT CHARSET=utf8 COLLATE=utf8_unicode_ci;

--
-- Dumping data for table `student_detail`
--

INSERT INTO `student_detail` (`id`, `admno`, `name`, `family_id`, `email_id`, `aadhaar`, `dob`, `father_name`, `mother_name`, `address`, `mob1`, `religion`, `active`, `enrolled_in_date`, `enrolled_out_date`, `previous_attended_school`, `notes`, `last_updated_at`) VALUES
(31, '2134', 'ABHISHEK KUMAR SINGH', 31, 'abhishek.2136@mpsvns.in', '307361674650', '09/01/2010', 'JITENDRA SINGH', 'INDU SINGH', 'KUNDARIA BDENIPUR VARANASI', '0', 'HINDU GEN', 1, '10/09/2021', '31/03/2023', 'JAGRAN PUBLIC SCHOOL SAHABABAD VARANASI', '-', '2023-06-10'),
(32, '1927', 'AKHIL PANDEY', 32, 'akhil.1927@mpsvns.in', '738237523584', '08/04/2009', 'ANIL PANDEY', 'RUBY PANDEY', 'PANASA KARCHANA ALLAHABAD', '0', 'HINDU GEN', 1, '30/04/2019', '31/03/2023', 'ANNAPURNA PUBLIC SCHOOL PIPRAW KARCHANA ALLAHABAD', '-', '2023-06-10'),
(33, '1827', 'AMAN PATEL', 33, 'aman.1827@mpsvns.in', '786303889648', '22/07/2008', 'VINOD KUMAR PATEL', 'URMILA DEVI', 'KARDHANA VARANASI', '0', 'HINDU GEN', 1, '05/04/2018', '31/03/2023', 'DISCOVERY PUBLIC SCHOOL KARDHANA VARANASI', '-', '2023-06-10'),
(34, '1434', 'AMAN MAURYA', 34, 'aman.1434@mpsvns.in', '614032478822', '14/09/2010', 'VIJAY PRAKASH MAURYA', 'REKHA DEVI', 'KUNDARIA BENIPUR VARANASI', '0', 'HINDU OBC', 1, '13/07/2014', '31/03/2023', '', '-', '2023-06-10'),
(35, '1418', 'ANKIT KUMAR MAURYA', 35, 'ankit.1418@mpsvns.in', '523782691458', '15/07/2010', 'SANJAY KUMAR MAURYA', 'SUNITA DEVI', 'KUNDARIYA BENIPUR VARANASI', '9336468504', 'HINDU OBC', 1, '26/05/2014', '31/03/2023', 'LADY D.S. ACADEMY JANSA VARANASI ', '-', '2023-06-10'),
(36, '1351', 'ARADHANA MAURYA', 36, 'aradhana.1351@mpsvns.in', '421483853500', '28/10/2009', 'SANTOSH MAURYA', 'SUNITA MAURYA', 'KUNDARIYA BDENIPUR VARANASI', '0', 'HINDU OBC', 1, '04/07/2013', '31/03/2023', '', '-', '2023-06-10'),
(37, '2120', 'ASHISH KUMAR MODANAVAL', 37, 'ashish.2120@mpsvns.in', '353482861982', '21/03/2007', 'RAJENDRA PRASAD', 'ANJANA DEVI', 'KARDHANA VARANASI', '0', 'HINDU', 1, '25/08/2021', '31/03/2023', '', '-', '2023-06-10'),
(38, '1252', 'DHAIRYA SHUKLA', 197, 'dhairya.1252@mpsvns.in', '487633347768', '11/08/2009', 'JITENDRA SHUKLA', 'RAJINI SHUKLA', 'BEDUA DEIPUR VARANASI', '0', 'HINDU GEN', 1, '09/07/2012', '31/03/2023', '', '-', '2023-06-10'),
(39, '1247', 'DIMPAL SHRIVASTVA', 39, 'dimpal.1247@mpsvns.in', '472553138871', '02/06/2009', 'SANTOSH KUMAR SRIVASTAV', 'REKHA SRIVASTAV', 'AMINI MIRZAMURAD VARANASI', '0', 'HINDU GEN', 1, '25/06/2012', '31/03/2023', '', '-', '2023-06-10'),
(40, '1388', 'HARSHIT SINGH', 40, 'harshit.1388@mpsvns.in', '', '27/05/2009', 'BRIJESH SINGH', 'DEEPMALA', 'TARSAWKOT BASANTPUR VARANASI', '0', 'HINDU GEN', 1, '07/06/2013', '31/03/2023', '', '-', '2023-06-10'),
(41, '1240', 'KUNAL GUPTA', 41, 'kunal.1240@mpsvns.in', '', '12/07/2009', 'KAMLESH GUPTA', 'SUNITA GUPTA', 'BADAURA BAZAAR DEIPUR VARANASI', '0', 'HINDU OBC', 1, '16/07/2012', '31/03/2023', '', '-', '2023-06-10'),
(42, '1851', 'MAHI SINGH', 42, 'mahi.1851@mpsvns.in', '929603194766', '27/01/2010', 'UDAY SAROJ SINGH', 'SARITA SINGH', 'BENIPUR VARANASI', '0', 'HINDU GEN', 1, '30/05/2018', '31/03/2023', 'L.N.S. PUBLIC SCHOOL BENIPUR VARANASI', '-', '2023-06-10'),
(43, '2131', 'MAYANK  YADAV', 43, 'mayank.2141@mpsvns.in', '261100936070', '22/02/2010', 'MUNNA LAL PATEL', 'SUNITA YADAV', 'KARDAHANA VARANASI', '0', 'HINDU OBC', 1, '24/09/2021', '31/03/2023', 'LADY D.S. SCHOOL JANSA VARANASI', '-', '2023-06-10'),
(44, '2005', 'PURNIMA  MAURYA', 44, 'purnima.2005@mpsvns.in', '338552675059', '20/07/2009', 'PRADEEP KUMAR MAURYA', 'RINKOO MAURYA', 'MECHKANPUR VARANASI', '0', 'HINDU OBC', 1, '27/07/2020', '31/03/2023', 'ANAND MARG PUBLIC SCHOOL HATHI BAZAAR VARANASI', '-', '2023-06-10'),
(45, '1912', 'RAJ KISHOR SINGH', 45, 'raj.1912@mpsvns.in', '', '24/02/2009', 'KULDEEP KUMAR SINGH', 'ANJANA SINGH', 'BENIPUR VARANASI', '0', 'HINDU GEN', 1, '05/04/2019', '31/03/2023', 'IVY LEAGUE SCHOOL MIRZAMURAD VARANASI', '-', '2023-06-10'),
(46, '1383', 'RISHABH GUPTA', 46, 'rishabh.1386@mpsvns.in', '693012236753', '05/09/2010', 'HARSHVARDHAN GUPTA', 'LALITA GUPTA', 'BADAURA BAZAR VARANASI', '0', 'HINDU OBC', 1, '30/06/2013', '31/03/2023', '', '-', '2023-06-10'),
(47, '1809', 'YASH RAJ DUBEY', 47, 'yash.1809@mpsvns.in', '', '28/08/2010', 'ARUN KUMAR DIVEWDI', 'ARCHANA DUBEY', 'BENIPUR VARANASI', '0', 'HINDU GEN', 1, '23/04/2018', '31/03/2023', 'S.N.S. PUBLIC SCHOOL BENIPUR VARANASI', '-', '2023-06-10'),
(48, '1245', 'ARYAN SINGH', 40, 'aryan.1245@mpsvns.in', '', '14/12/2009', 'KAUSHALESH SINGH', 'SASHI SINGH', 'TARSAWKOT BASANTPUR VARANASI', '0', 'HINDU GEN', 1, '12/04/2012', '31/03/2023', '', '-', '2023-06-10'),
(49, '2121', 'PIYUSH KUMAR VERMA', 49, 'piyush.2121@mpsvns.in', '387892100049', '27/01/2010', 'SURESH KUMAR MAURYA', 'SUMAN DEVI', 'DASRATHPUR VARANASI', '8303865851', 'HINDU OBC', 1, '22/08/2021', '31/03/2023', '', '-', '2023-06-10'),
(50, '1542', 'ABDULLAH ANSARI', 50, 'abdullah.1542@mpsvns.in', '', '', 'MD ZAHID ANSARI', '', '', '0', '', 1, '0', '0', '', '', '2023-06-10'),
(51, '1646', 'ADARSH KUMAR SINGH', 51, 'adarsh.1646@mpsvns.in', '717963626737', '04/08/2009', 'SAURABH KUMAR SINGH', 'RINA PATEL', 'BHATHAPURWAN KARDHANA VARANASI', '0', 'HINDU OBC', 1, '27/07/2016', '31/03/2023', '', '-', '2023-06-10'),
(52, '1547', 'ADITYA PATEL', 52, 'aditya.1548@mpsvns.in', '475587070559', '13/01/2010', 'KAPIL DEV', 'SHEELA DEVI', 'BHADAYA HATHI BAZAR VARANASI', '0', 'HINDU OBC', 1, '28/07/2015', '31/03/2023', '', '-', '2023-06-10'),
(53, '1633', 'AKRITI SINGH', 53, 'akriti.1633@mpsvns.in', NULL, NULL, 'ANIMESH KUMAR SINGH', '', '', '0', NULL, 1, '0', '0', '', '', '2023-06-10'),
(54, '1928', 'ANAL PANDEY', 54, 'anal.1928@mpsvns.in', '805623536329', '07/01/2011', 'ANIL PANDEY', 'RUBY PANDEY', 'PANASA KARCHANA ALLAHABAD', '0', 'HINDU GEN', 1, '30/04/2019', '31/03/2023', 'ANAPURNA PUBLIC SCHOOL PIPRAW KARCHANA ALAHABAD', '', '2023-06-10'),
(55, '1424', 'ANUJ GIRI', 55, 'anuj.1424@mpsvns.in', NULL, NULL, '', '', '', '0', NULL, 1, '0', '0', '', '', '2023-06-10'),
(56, '2001', 'ANURADHA  VERMA', 56, 'anuradha.2001@mpsvns.in', '', '', '', '', '', '0', '', 1, '0', '0', '', '', '2023-06-10'),
(57, '1819', 'ANUSHKA GUPTA', 57, 'anushka.1819@mpsvns.in', '', '', 'RAMESH KUMAR GUPTA', '', '', '0', '', 1, '0', '0', '', '', '2023-06-10'),
(58, '1609', 'ARADHANA JOSVA', 58, 'aradhna.1609@mpsvns.in', '485696719167', '28/08/2010', 'RAM KUMAR JOSVA', 'REENU JOSVA', 'JANSA VARANASI', '0', 'HINDU SC', 1, '22/04/2016', '31/03/2023', '', '', '2023-06-10'),
(59, '1647', 'ASHMIT KUMAR PATEL', 59, 'ashmit.1647@mpsvns.in', NULL, NULL, 'SURESH KUMAR SINGH', '', '', '0', NULL, 1, '0', '0', '', '', '2023-06-10'),
(60, '1555', 'ASTHA SINGH', 60, 'astha.1555@mpsvns.in', NULL, NULL, 'SASHI SEKHAR SINGH', '', '', '0', NULL, 1, '0', '0', '', '', '2023-06-10'),
(61, '1702', 'DEEPAK KUMAR', 61, 'deepak.1702@mpsvns.in', '', '', '', '', '', '0', '', 1, '0', '0', '', '', '2023-06-10'),
(62, '2111', 'JESHIKA SINGH', 62, 'jeshika.2111@mpsvns.in', NULL, NULL, '', '', '', '0', NULL, 1, '0', '0', '', '', '2023-06-10'),
(63, '2110', 'KISHAN KUMAR  MAURYA', 63, 'kishan.2110@mpsvns.in', NULL, NULL, '', '', '', '0', NULL, 1, '0', '0', '', '', '2023-06-10'),
(64, '1405', 'LOKESH GIRI', 64, 'lokesh.1405@mpsvns.in', '595900117973', '29/12/2010', 'ANKESH GIRI', 'PRIYANKA KUMARI', 'KUNDARIYA BENIPUR VARANASI', '0', 'HINDU OBC', 1, '25/04/2014', '31/03/2023', '', '', '2023-06-10'),
(65, '1825', 'MANAS SINGH', 65, 'manas.1825@mpsvns.in', NULL, NULL, 'DILIP KUMAR', '', '', '0', NULL, 1, '0', '0', '', '', '2023-06-10'),
(67, '1408', 'PRAVIN VERMA', 67, 'pravin.1408@mpsvns.in', NULL, NULL, 'VIJAY KUMAR VERMA', '', '', '0', NULL, 1, '0', '0', '', '', '2023-06-10'),
(68, '1820', 'PRINCE KUMAR GUPTA', 68, 'prince.1820@mpsvns.in', NULL, NULL, 'RAMESH KUMAR GUPTA', '', '', '0', NULL, 1, '0', '0', '', '', '2023-06-10'),
(69, '1549', 'SANSKRITI SHUKLA', 69, 'sanskriti.1549@mpsvns.in', NULL, NULL, 'ABHISHEK KUMAR SHUKLA', '', '', '0', NULL, 1, '0', '0', '', '', '2023-06-10'),
(70, '1712', 'SHREYANSH KUMAR SEHAGAL', 70, 'shreyansh.1712@mpsvns.in', '632963387707', '11/12/2010', 'VIJAY KUMAR SEHEGAL', 'BABY', 'DEIPUR VARANASI', '0', 'HINDU SC', 1, '06/07/2017', '31/03/2023', 'SHUBHAM MODERN SCHOOL MAGHARA MIRZAPUR', '', '2023-06-10'),
(71, '1812', 'SHUBHAM VERMA', 71, 'shubham.1812@mpsvns.in', '274612052082', '25/07/2010', 'MANOJ VERMA', 'CHANDRAKALA VERMA', 'BHEDYA HATHI BAZAR VARANASI', '0', 'HINDU OBC', 1, '18/04/2018', '31/03/2023', 'GK PUBLIC SCHOOL GAHARPUR HATHIBAZAR VNS ', '', '2023-06-10'),
(72, '1357', 'UTKARSH SINGH', 72, 'utkarsh.1357@mpsvns.in', NULL, NULL, 'VINOD KUMAR SINGH', '', '', '0', NULL, 1, '0', '0', '', '', '2023-06-10'),
(73, '1404', 'VAISHALI GIRI', 73, 'vaishali.1404@mpsvns.in', '773768327973', '26/10/2011', 'MANISH GIRI', 'SUMAN GIRI', 'DINDASPUR JANSA VARANASI', '0', 'OBC HINDU', 1, '26/07/2014', '31/03/2023', '', '', '2023-06-10'),
(74, '1931', 'VISHAL GUPTA', 74, 'vishal.1931@mpsvns.in', '', '', 'PARAS NATH GUPTA', '', '', '0', '', 1, '0', '0', '', '', '2023-06-10'),
(75, '1339', 'YOGESH', 75, 'yogesh.1339@mpsvns.in', NULL, NULL, 'RAJ NARAYAN', '', '', '0', NULL, 1, '0', '0', '', '', '2023-06-10'),
(76, '1605', 'OM SINGH', 76, 'om.1605@mpsvns.in', NULL, NULL, 'SHARAD KUMAR SINGH', '', '', '0', NULL, 1, '0', '0', '', '', '2023-06-10'),
(77, '2246', 'SAURAV SINGH', 77, 'saurav.2246@mpsvns.in', '', '', 'NEERAJ SINGH', '', '', '0', '', 1, '0', '0', '', '', '2023-06-10'),
(78, '2266', 'SHREYA SINGH', 78, 'shreya.2266@mpsvns.in', NULL, NULL, 'DHEERAJ KUMAR SINGH', '', '', '0', NULL, 1, '0', '0', '', '', '2023-06-10'),
(79, '1782', 'ADARSH VERMA', 79, 'adarsh.1782@mpsvns.in', '971572069432', '02/10/2011', 'RAJDEV VERMA', 'SAVITA DEVI', 'BHADEYA HATHI BAZAR VARANASI', '0', 'HINDU OBC', 1, '28/04/2017', '0', '', '', '2023-06-10'),
(80, '1756', 'AMAN YADAV', 80, 'aman.1756@mpsvns.in', NULL, NULL, '', '', '', '0', NULL, 1, '0', '0', '', '', '2023-06-10'),
(81, '1765', 'ARNAV M PANDEY', 81, 'arnav.1765@mpsvns.in', NULL, NULL, '', '', '', '0', NULL, 1, '0', '0', '', '', '2023-06-10'),
(82, '1645', 'AYUSH MAN SINGH', 82, 'ayushman.1645@mpsvns.in', '634832256483', '20/05/2011', 'BIJAY SHANKAR SINGH', 'SHASHI KALA SINGH', 'JANSA VARANASI', '0', 'HINDU OBC', 1, '27/07/2016', '31/03/2023', '', '-', '2023-06-10'),
(83, '1535', 'Devanshu Bhardwaj', 83, 'devanshu.1535@mpsvns.in', '', '', '', '', '', '0', '', 1, '0', '0', '', '', '2023-06-10'),
(84, '1714', 'KALPIT VISWAKARMA', 84, 'kalpit.1714@mpsvns.in', '', '', 'RAJKUMAR VISWAKARMA', '', '', '0', '', 1, '0', '0', '', '', '2023-06-10'),
(85, '1430', 'KARTIK SINGH', 85, 'kartik.1430@mpsvns.in', NULL, NULL, '', '', '', '0', NULL, 1, '0', '0', '', '', '2023-06-10'),
(86, '1839', 'KISHAN YADAV', 86, 'kishan.1839@mpsvns.in', NULL, NULL, '', '', '', '0', NULL, 1, '0', '0', '', '', '2023-06-10'),
(87, '1428', 'MRIDUL GUPTA', 87, 'mridul.1428@mpsvns.in', NULL, NULL, '', '', '', '0', NULL, 1, '0', '0', '', '', '2023-06-10'),
(88, '1546', 'NAITIK SONI', 88, 'naitik.1546@mpsvns.in', NULL, NULL, '', '', '', '0', NULL, 1, '0', '0', '', '', '2023-06-10'),
(89, '1427', 'PRIYESH SINGH', 89, 'priyesh.1427@mpsvns.in', NULL, NULL, '', '', '', '0', NULL, 1, '0', '0', '', '', '2023-06-10'),
(90, '1416', 'RAJVEER', 90, 'rajveer.1416@mpsvns.in', '435822325172', '11/09/2011', 'BANS RAJ', 'SHILA RAI', 'DASRATHPUR HATHIBAZAR VARANASI', '0', 'HINDU OBC', 1, '16/04/2014', '31/03/2023', '', '-', '2023-06-10'),
(91, '1848', 'SIDDHI YADAV', 91, 'siddhi.1848@mpsvns.in', NULL, NULL, '', '', '', '0', NULL, 1, '0', '0', '', '', '2023-06-10'),
(92, '1617', 'SUBHANKAR RAO', 92, 'subhankar.1617@mpsvns.in', '279326965532', '08/09/2009', 'RAM SAMUJH', 'KUMUD LATA ARYA', 'KHEMAPUR GORAI VARANASI', '0', 'HINDU SC', 1, '30/06/2016', '0', '', '', '2023-06-10'),
(93, '1558', 'VEDIKA PANDEY', 93, 'vedika.1558@mpsvns.in', NULL, NULL, '', '', '', '0', NULL, 1, '0', '0', '', '', '2023-06-10'),
(94, '1420', 'YASHASVI SHUKLA', 197, 'yashasvi.1420@mpsvns.in', '', '', '', '', '', '0', '', 1, '0', '0', '', '', '2023-06-10'),
(95, '2125', 'VIKRANT SINGH', 95, 'vikrant.2125@mpsvns.in', NULL, NULL, '', '', '', '0', NULL, 1, '0', '0', '', '', '2023-06-10'),
(96, '2203', 'PRIYAM KESHARI', 188, 'priyam.2203@mpsvns.in', '', '', '', '', '', '0', '', 1, '0', '0', '', '', '2023-06-10'),
(97, '2215', 'ASHWIN KUMAR', 97, 'ashwin.2215@mpsvns.in', NULL, NULL, '', '', '', '0', NULL, 1, '0', '0', '', '', '2023-06-10'),
(98, '2235', 'PRIYA PAL', 149, 'priya.2235@mpsvns.in', '', '', 'SUBHASH PAL', '', '', '0', '', 1, '0', '0', '', '', '2023-06-10'),
(99, '1738', 'ADARSH KESHARI', 99, 'adarsh.1738@mpsvns.in', NULL, NULL, '', '', '', '0', NULL, 1, '0', '0', '', '', '2023-06-10'),
(100, '2107', 'ADITI GUPTA', 100, 'aditi.2107@mpsvns.in', '568575657761', '08/05/2012', 'GAURI SHANKAR', 'ANITA GUPTA', 'MAHMADPUR HARSOS VARANASI', '0', 'HINDU OBC', 1, '14/08/2021', '31/03/2023', '', '-', '2023-06-10'),
(101, '1601', 'ARADHYA SINGH', 101, 'aradhya.1601@mpsvns.in', '', '', 'GAURAV KUMAR SINGH', '', '', '0', '', 1, '0', '0', '', '', '2023-06-10'),
(102, '2138', 'AYUSHI SINGH', 102, 'ayushi.2138@mpsvns.in', NULL, NULL, '', '', '', '0', NULL, 1, '0', '0', '', '', '2023-06-10'),
(103, '1526', 'DHRITI DUBEY', 209, 'dhriti.1526@mpsvns.in', NULL, NULL, 'ASHISH DUBEY', '', '', '0', NULL, 1, '0', '0', '', '', '2023-06-10'),
(104, '1775', 'HARSHIT MISHRA', 104, 'harshit.1775@mpsvns.in', '', '', 'ANIL KUMAR MISHRA', '', '', '0', '', 1, '0', '0', '', '', '2023-06-10'),
(105, '2129', 'KRISH PATEL', 105, 'krish.2129@mpsvns.in', NULL, NULL, '', '', '', '0', NULL, 1, '0', '0', '', '', '2023-06-10'),
(106, '1780', 'KRISHNA SINGH', 106, 'krishna.1780@mpsvns.in', NULL, NULL, 'JAGADISH SINGH', '', '', '0', NULL, 1, '0', '0', '', '', '2023-06-10'),
(107, '1648', 'KRITIKA MISHRA', 107, 'kritika.1648@mpsvns.in', '', '', 'ALOK KUMAR MISHRA', '', '', '0', '', 1, '0', '0', '', '', '2023-06-10'),
(108, '1550', 'LAKSHYA MAURYA', 108, 'lakshya.1550@mpsvns.in', '', '', 'ARUN KUMAR MAURYA', '', '', '0', '', 1, '0', '0', '', '', '2023-06-10'),
(109, '1707', 'NAVYA SINGH', 184, 'navya.1707@mpsvns.in', NULL, NULL, '', '', '', '0', NULL, 1, '0', '0', '', '', '2023-06-10'),
(110, '2106', 'NISTHA SINGH', 110, 'nistha.2106@mpsvns.in', NULL, NULL, '', '', '', '0', NULL, 1, '0', '0', '', '', '2023-06-10'),
(111, '1787', 'PARI SINGH', 183, 'pari.1787@mpsvns.in', NULL, NULL, 'ALOK KUMAR ', '', '', '0', NULL, 1, '0', '0', '', '', '2023-06-10'),
(112, '1536', 'PRIYANSHU BHARDWAJ', 83, 'priyanshu.1536@mpsvns.in', '', '', '', '', '', '0', '', 1, '0', '0', '', '', '2023-06-10'),
(113, '1859', 'RAJ KUMAR', 113, 'raj.1859@mpsvns.in', NULL, NULL, 'OM PRAKASH', '', '', '0', NULL, 1, '0', '0', '', '', '2023-06-10'),
(114, '1858', 'RANAVEER SNGH', 114, 'ranaveer.1858@mpsvns.in', NULL, NULL, 'RAVISHANKAR', '', '', '0', NULL, 1, '0', '0', '', '', '2023-06-10'),
(115, '2132', 'SANTOSHI  PAL', 115, 'santoshi.2132@mpsvns.in', NULL, NULL, 'SURENDRA B. PAL', '', '', '0', NULL, 1, '0', '0', '', '', '2023-06-10'),
(116, '1620', 'SHIVANG SINGH', 116, 'shivang.1620@mpsvns.in', '', '20/07/2013', 'RAJESH KUMAR SINGH', 'ARCHANA DEVI', 'TARSAWKOT BASANTPUR VARANASI', '0', 'HINDU GEN', 1, '02/07/2016', '31/03/2023', '', '', '2023-06-10'),
(117, '1614', 'SIDDHI GUPTA', 117, 'siddhi.1614@mpsvns.in', '', '', 'DINESH GUPTA', '', '', '0', '', 1, '0', '0', '', '', '2023-06-10'),
(118, '1902', 'DEV SINGH', 118, 'dev.1902@mpsvns.in', NULL, NULL, 'DINESH KUMAR SINGH', '', '', '0', NULL, 1, '0', '0', '', '', '2023-06-10'),
(119, '2268', 'HARSH PATEL', 119, 'harsh.2268@mpsvns.in', NULL, NULL, '', '', '', '0', NULL, 1, '0', '0', '', '', '2023-06-10'),
(120, '2208', 'ARPIT MAURYA', 120, 'arpit.2208@mpsvns.in', NULL, NULL, 'MANOJ KUMAR', '', '', '0', NULL, 1, '0', '0', '', '', '2023-06-10'),
(121, '2240', 'JANHVI TRIPATHI', 121, 'janhvi.2240@mpsvns.in', '', '', 'BHUNESHWAR TRIPATHI', '', '', '0', '', 1, '0', '0', '', '', '2023-06-10'),
(122, '1641', 'ADARSH KUMAR MAURYA', 122, 'adarsh.1641@mpsvns.in', '', '', 'SANTOSH KUMAR MAURYA', '', '', '0', '', 1, '0', '0', '', '', '2023-06-10'),
(123, '1634', 'ADITYA SEHAGAL', 123, 'aditya.1634@mpsvns.in', '', '', 'SURENDRA KUMAR SEHAGAL', '', '', '0', '', 1, '0', '0', '', '', '2023-06-10'),
(124, '1766', 'AMAN YADAV', 124, 'aman.1766@mpsvns.in', '', '', 'ROHIT YADAV', '', '', '0', '', 1, '0', '0', '', '', '2023-06-10'),
(125, '1759', 'ANKIT YADAV', 125, 'ankit.1759@mpsvns.in', NULL, NULL, 'SWARAJ YADAV', '', '', '0', NULL, 1, '0', '0', '', '', '2023-06-10'),
(126, '1950', 'HARSHIT MISHRA', 126, 'harshit.1950@mpsvns.in', NULL, NULL, 'RAKESH KUMAR MISHRA', '', '', '0', NULL, 1, '0', '0', '', '', '2023-06-10'),
(127, '1708', 'KARTEEK SINGH', 127, 'karteek.1708@mpsvns.in', NULL, NULL, '', '', '', '0', NULL, 1, '0', '0', '', '', '2023-06-10'),
(128, '1947', 'PRINCE KUMAR SINGH', 128, 'prince.1947@mpsvns.in', NULL, NULL, 'SUNIL KUMAR SINGH', '', '', '0', NULL, 1, '0', '0', '', '', '2023-06-10'),
(129, '1602', 'PRIYANSHU GUPTA', 129, 'priyanshu.1602@mpsvns.in', '', '', 'JITENDRA KUMAR GUPTA', '', '', '0', '', 1, '0', '0', '', '', '2023-06-10'),
(130, '1937', 'SANIDHYA KUMAR PATEL', 130, 'sanidhya.1937@mpsvns.in', '', '', 'RAMNARAYAN PATEL', '', '', '0', '', 1, '0', '0', '', '', '2023-06-10'),
(131, '1901', 'SUMAT SINGH', 131, 'sumat.1901@mpsvns.in', NULL, NULL, 'ANIKET KUMAR SINGH', '', '', '0', NULL, 1, '0', '0', '', '', '2023-06-10'),
(132, '1635', 'TANMAY KUSWAHA', 132, 'hemant.singh@mpsvns.in', '', NULL, 'SANJAY KUMAR KUSHAWAHA', '', '', '0', NULL, 1, '0', '0', '', '', '2023-06-10'),
(133, '1934', 'VINAY KUMAR', 133, 'vinay.1934@mpsvns.in', NULL, NULL, 'VIJAY BAHADUR SINGH', '', '', '0', NULL, 1, '0', '0', '', '', '2023-06-10'),
(134, '2011', 'KHUSHI PATEL', 134, 'khushi.2011@mpsvns.in', NULL, NULL, 'RAJ KUMAR', '', '', '0', NULL, 1, '0', '0', '', '', '2023-06-10'),
(135, '2109', 'ROSHNI SONI', 135, 'roshni.2109@mpsvns.in', '', '', 'RAJKUMAR SONI', '', '', '0', '', 1, '0', '0', '', '', '2023-06-10'),
(136, '2205', 'DEVA PATEL', 136, 'dev.2205@mpsvns.in', '921895211301', '21/01/2012', 'BRIJRAJ PTEL', 'SAROJ DEVI', 'BODHAPUR', '0', 'HINDU OBC', 1, '09/04/2022', '0', '', '', '2023-06-10'),
(137, '2211', 'BADAL VERMA', 137, 'badal.2211@mpsvns.in', NULL, NULL, 'MUNIRAJ VERMA', '', '', '0', NULL, 1, '0', '0', '', '', '2023-06-10'),
(138, '2213', 'VARTIKA', 138, 'vartika.2213@mpsvns.in', NULL, NULL, '', '', '', '0', NULL, 1, '0', '0', '', '', '2023-06-10'),
(139, '2217', 'HARDIK SINGH', 190, 'hardik.2217@mpsvns.in', NULL, NULL, 'SASHIKANT SINGH', '', '', '0', NULL, 1, '0', '0', '', '', '2023-06-10'),
(140, '2234', 'AYUSH PAL', 140, 'ayush.2234@mpsvns.in', '', '', 'SUBASH PAL', '', '', '0', '', 1, '0', '0', '', '', '2023-06-10'),
(141, '2239', 'KIRTI RAJ SONI', 141, 'kirti.2239@mpsvns.in', NULL, NULL, 'RAJESH KUMAR', '', '', '0', NULL, 1, '0', '0', '', '', '2023-06-10'),
(142, '1537', 'ADITYA BHARDWAJ', 142, 'aditya.1537@mpsvns.in', '', '', 'AMAR BAHADUR', '', '', '0', '', 1, '0', '0', '', '', '2023-06-10'),
(144, '2130', 'ANANT SINGH', 144, 'anant.2130@mpsvns.in', NULL, NULL, '', '', '', '0', NULL, 1, '0', '0', '', '', '2023-06-10'),
(145, '1770', 'ARADHYA SINGH', 145, 'aradhya.1770@mpsvns.in', NULL, NULL, 'RAJESH KUMAR SINGH', '', '', '0', NULL, 1, '0', '0', '', '', '2023-06-10'),
(147, '1849', 'ARYAN YADAV', 147, 'aryan.1849@mpsvns.in', '', '', 'ANIL YADAV', '', '', '0', '', 1, '0', '0', '', '', '2023-06-10'),
(148, '1758', 'ASHUTOSH .', 148, 'ashutosh.1758@mpsvns.in', NULL, NULL, 'SURAJ YADAV', '', '', '0', NULL, 1, '0', '0', '', '', '2023-06-10'),
(149, '1716', 'AYUSH S PAL', 149, 'ayush.1716@mpsvns.in', '', '', 'SONU PAL', '', '', '0', '', 1, '0', '0', '', '', '2023-06-10'),
(150, '1816', 'AYUSHI GUPTA', 57, 'ayushi.1816@mpsvns.in', '', '', 'RAJESH KUMAR GUPTA', '', '', '0', '', 1, '0', '0', '', '', '2023-06-10'),
(151, '1941', 'DIVYANSHU RAJBHAR', 151, 'divyanshu.1941@mpsvns.in', NULL, NULL, '', '', '', '0', NULL, 1, '0', '0', '', '', '2023-06-10'),
(152, '1907', 'JAYA SHARMA', 152, 'jaya.1907@mpsvns.in', NULL, NULL, 'BINDESH SHARMA', '', '', '0', NULL, 1, '0', '0', '', '', '2023-06-10'),
(153, '1734', 'KARAMVEER ', 153, 'karamveer.1734@mpsvns.in', '768048081989', '01/03/2014', 'BANSH RAJ ', 'SHILA RAI', 'DASRATHPUR HATHIBAZAR VARANASI', '0', 'HINDU OBC', 1, '27/03/2017', '31/03/2023', '', '-', '2023-06-10'),
(154, '1769', 'MANSI SINGH', 154, 'mansi.1769@mpsvns.in', '', '', 'MANISH SINGH', '', '', '0', '', 1, '0', '0', '', '', '2023-06-10'),
(155, '1701', 'PAWAN KUMAR', 155, 'pawan.1701@mpsvns.in', NULL, NULL, 'AWADHESH KUMAR', '', '', '0', NULL, 1, '0', '0', '', '', '2023-06-10'),
(156, '1911', 'PRANAV VISWAKARMA', 156, 'pranav.1911@mpsvns.in', NULL, NULL, 'PRAKASH VISWAKARMA', '', '', '0', NULL, 1, '0', '0', '', '', '2023-06-10'),
(157, '1925', 'RISHABH KUMAR DUBEY', 157, 'rishabh.1925@mpsvns.in', NULL, NULL, 'ASHISH DUBEY', '', '', '0', NULL, 1, '0', '0', '', '', '2023-06-10'),
(158, '2108', 'RIYA  GUPTA', 158, 'riya.2108@mpsvns.in', '935722325620', '14/05/2014', 'GAURI SHANKAR', 'ANITA GUPTA', 'MAHMADPUR HARSOS VARANASI', '0', 'HINDU OBC', 1, '14/08/2021', '31/03/2023', '', '-', '2023-06-10'),
(159, '1748', 'RUDRA PRATAP SINGH', 201, 'rudra.1748@mpsvns.in', NULL, NULL, 'AJAY PRATAP SINGH', '', '', '0', NULL, 1, '0', '0', '', '', '2023-06-10'),
(160, '1730', 'SAMRTH DUBEY', 160, 'samrth.1730@mpsvns.in', NULL, NULL, 'AKASHDHAR DUBEY', '', '', '0', NULL, 1, '0', '0', '', '', '2023-06-10'),
(161, '1824', 'SHIVANG SINGH', 161, 'shivang.1824@mpsvns.in', NULL, NULL, 'DEILEEP KUMAR', '', '', '0', NULL, 1, '0', '0', '', '', '2023-06-10'),
(162, '1731', 'SHREERAM VERMA', 162, 'shreeram.1731@mpsvns.in', NULL, NULL, '', '', '', '0', NULL, 1, '0', '0', '', '', '2023-06-10'),
(163, '1804', 'SHRISTI RAY', 214, 'shristi.1804@mpsvns.in', '', '', 'SARVESH RAY', '', '', '0', '', 1, '0', '0', '', '', '2023-06-10'),
(164, '1776', 'SIFA SIDDIQI', 208, 'sifa.1776@mpsvns.in', NULL, NULL, 'ASHRAF ALI', '', '', '0', NULL, 1, '0', '0', '', '', '2023-06-10'),
(165, '1940', 'SURYANSH SINGH', 165, 'suryansh.1940@mpsvns.in', NULL, NULL, 'AMIT KUMAR SINGH', '', '', '0', NULL, 1, '0', '0', '', '', '2023-06-10'),
(166, '1909', 'UTKARSH KUMAR SINGH', 166, 'utkarsh.1909@mpsvns.in', NULL, NULL, '', '', '', '0', NULL, 1, '0', '0', '', '', '2023-06-10'),
(167, '1854', 'YASH KUMAR', 167, 'yash.1854@mpsvns.in', NULL, NULL, 'RAVI SHANKAR WHERE', '', '', '0', NULL, 1, '0', '0', '', '', '2023-06-10'),
(168, '1908', 'YASHVARDHAN VERMA', 168, 'yashvardhan.1908@mpsvns.in', NULL, NULL, 'SANTOSH KUMAR SHARMA', '', '', '0', NULL, 1, '0', '0', '', '', '2023-06-10'),
(169, '2008', 'PRIYAM SHARMA', 169, 'priyam.2008@mpsvns.in', NULL, NULL, '', '', '', '0', NULL, 1, '0', '0', '', '', '2023-06-10'),
(170, '2009', 'SHARAD AMBEDKAR', 170, 'sharad.2009@mpsvns.in', NULL, NULL, 'SHARDA PRASAD BHASKAR', '', '', '0', NULL, 1, '0', '0', '', '', '2023-06-10'),
(171, '1853', 'PRIYANSHI MAURYA', 171, 'priyanshi.1853@mpsvns.in', NULL, NULL, 'OM PRAKASH', '', '', '0', NULL, 1, '0', '0', '', '', '2023-06-10'),
(173, '2247', 'ABHINANDAN SINGH', 77, 'abhinandan.2247@mpsvns.in', '', '', '', '', '', '0', '', 1, '0', '0', '', '', '2023-06-10'),
(174, '2209', 'ANSHIKA', 174, 'anshika.2209@mpsvns.in', NULL, NULL, '', '', '', '0', NULL, 1, '0', '0', '', '', '2023-06-10'),
(175, '2012', 'ANANYA SINGH', 175, 'ananya.2012@mpsvns.in', NULL, NULL, '', '', '', '0', NULL, 1, '0', '0', '', '', '2023-06-10'),
(176, '1801', 'ALOK YADAV', 124, 'alok.1801@mpsvns.in', NULL, NULL, 'RIOHIT YADAV', '', '', '0', NULL, 1, '0', '0', '', '', '2023-06-10'),
(177, '1938', 'ANUJ .', 177, 'anuj.1938@mpsvns.in', NULL, NULL, 'LAY PRAKASH', '', '', '0', NULL, 1, '0', '0', '', '', '2023-06-10'),
(178, '1817', 'ARYAN GUPTA', 178, 'aryan.1817@mpsvns.in', NULL, NULL, '', '', '', '0', NULL, 1, '0', '0', '', '', '2023-06-10'),
(179, '1855', 'DARSH PANDEY', 179, 'darsh.1855@mpsvns.in', NULL, NULL, 'OM PRAKASH PANDEY', '', '', '0', NULL, 1, '0', '0', '', '', '2023-06-10'),
(180, '2135', 'RAGHVENDRA PATEL', 180, 'raghvendra.2135@mpsvns.in', '', '', '', '', '', '0', '', 1, '0', '0', '', '', '2023-06-10'),
(181, '1806', 'SHIVAM KUMAR', 181, 'shivam.1806@mpsvns.in', '', '', '', '', '', '0', '', 1, '0', '0', '', '', '2023-06-10'),
(182, '1948', 'SIDHI SINGH', 182, 'sidhi.1948@mpsvns.in', NULL, NULL, 'DEVNRAYAN YADAV', '', '', '0', NULL, 1, '0', '0', '', '', '2023-06-10'),
(183, '1856', 'VAISHNAVI  SINGH', 183, 'vaishnavi.1856@mpsvns.in', '', '', 'ASHISH KUMAR SINGH', '', '', '0', '', 1, '0', '0', '', '', '2023-06-10'),
(184, '1706', 'PURVIKA SINGH', 184, 'purvika.1706@mpsvns.in', '', '', 'SHUBHAM KUMAR SINGH', '', '', '0', '', 1, '0', '0', '', '', '2023-06-10'),
(185, '1807', 'NEHA YADAV', 185, 'neha.1807@mpsvns.in', NULL, NULL, '', '', '', '0', NULL, 1, '0', '0', '', '', '2023-06-10'),
(186, '2119', 'NAINSI VERMA', 186, 'nainsi.2119@mpsvns.in', '', '', '', '', '', '0', '', 1, '0', '0', '', '', '2023-06-10'),
(187, '2201', 'PIYUSH SINGH', 187, 'piyush.2201@mpsvns.in', NULL, NULL, 'SANTOSH KUMAR PATEL', '', '', '0', NULL, 1, '0', '0', '', '', '2023-06-10'),
(188, '2202', 'NAYAN KESHARI', 192, 'nayan.2202@mpsvns.in', '', '', 'SUBHASH CHANDRA KESHARI', '', '', '0', '', 1, '0', '0', '', '', '2023-06-10'),
(189, '2207', 'VANSHIKA MAURYA', 189, 'vanshika.2207@mpsvns.in', NULL, NULL, '', '', '', '0', NULL, 1, '0', '0', '', '', '2023-06-10'),
(190, '2218', 'MANYA SINGH', 190, 'manya.2218@mpsvns.in', '', '', 'SHASHIKANT SINGH', '', '', '0', '', 1, '0', '0', '', '', '2023-06-10'),
(191, '1906', 'SAKSHI SINGH', 131, 'sakshi.1906@mpsvns.in', NULL, NULL, 'ANIKET KUMAR SINGH', '', '', '0', NULL, 1, '0', '0', '', '', '2023-06-10'),
(192, '2238', 'ANKIT KESHARI', 192, 'ankit.2238@mpsvns.in', '', '', '', '', '', '0', '', 1, '0', '0', '', '', '2023-06-10'),
(193, '1783', 'DEVESH SINGH', 193, 'devesh.1783@mpsvns.in', NULL, NULL, '', '', '', '0', NULL, 1, '0', '0', '', '', '2023-06-10'),
(194, '1844', 'SHUBH PATHAK', 194, 'shubh.1844@mpsvns.in', NULL, NULL, '', '', '', '0', NULL, 1, '0', '0', '', '', '2023-06-10'),
(195, '1939', 'AADYA TYAGI', 195, 'aadya.1939@mpsvns.in', '', '', '', '', '', '0', '', 1, '0', '0', '', '', '2023-06-10'),
(196, '2010', 'ARADHYA MAURYA', 122, 'aradhya.2010@mpsvns.in', '', '', 'SANTOSH KUMAR MAURYA', '', '', '0', '', 1, '0', '0', '', '', '2023-06-10'),
(197, '2007', 'DARSHAN SHUKLA', 197, 'darshan.2007@mpsvns.in', '', '', 'JITENDRA SHUKLA', '', '', '0', '', 1, '0', '0', '', '', '2023-06-10'),
(198, '2148', 'DIVYANSH SINGH', 198, 'divyansh.2148@mpsvns.in', NULL, NULL, 'KUSHLENDRA SINGH', '', '', '0', NULL, 1, '0', '0', '', '', '2023-06-10'),
(199, '2147', 'DIVYANSHI SINGH', 198, 'divyanshi.2147@mpsvns.in', '', '', 'KAUSHLENDRA SINGH', '', '', '0', '', 1, '0', '0', '', '', '2023-06-10'),
(200, '1949', 'HIMANSHU MISHRA', 104, 'himanshu.1949@mpsvns.in', '', '', 'RAKESH KUMAR MISHRA', '', '', '0', '', 1, '0', '0', '', '', '2023-06-10'),
(201, '1921', 'RIDHI SINGH', 201, 'ridhi.1921@mpsvns.in', '', '', '', '', '', '0', '', 1, '0', '0', '', '', '2023-06-10'),
(202, '1936', 'RISHABH KRISHNA', 202, 'rishabh.1936@mpsvns.in', NULL, NULL, 'RAM AVATAR', '', '', '0', NULL, 1, '0', '0', '', '', '2023-06-10'),
(203, '2127', 'ROMIT SINGH', 203, 'romit.2127@mpsvns.in', NULL, NULL, 'YOGESH KUMAR SINGH', '', '', '0', NULL, 1, '0', '0', '', '', '2023-06-10'),
(204, '1935', 'SAKSHI YADAV', 204, 'sakshi.1935@mpsvns.in', NULL, NULL, 'JANG BAHADUR YADAV', '', '', '0', NULL, 1, '0', '0', '', '', '2023-06-10'),
(205, '1914', 'SWASTIK SHUKLA', 205, 'swastik.1914@mpsvns.in', NULL, NULL, '', '', '', '0', NULL, 1, '0', '0', '', '', '2023-06-10'),
(206, '1946', 'UPASNA MAURYA', 122, 'upasna.1946@mpsvns.in', NULL, NULL, 'SANTOSH KUMAR MAURYA', '', '', '0', NULL, 1, '0', '0', '', '', '2023-06-10'),
(207, '1943', 'YUVRAJ DIXIT', 207, 'yuvraj.1943@mpsvns.in', NULL, NULL, 'DHANANJAY DIXIT', '', '', '0', NULL, 1, '0', '0', '', '', '2023-06-10'),
(208, '2257', 'FAHAD SIDDIQUI', 208, 'fahad.2275@mpsvns.in', '', '', 'ASHRAF ALI', '', '', '0', '', 1, '0', '0', '', '', '2023-06-10'),
(209, '1926', 'SHAURYA MANGAL DUBEY', 209, 'shaurya.1926@mpsvns.in', '', '', 'SHRISH DUBEY', '', '', '0', '', 1, '0', '0', '', '', '2023-06-10'),
(210, '2204', 'BRAHMA DEV PATEL', 210, 'brahma.2204@mpsvns.in', NULL, NULL, '', '', '', '0', NULL, 1, '0', '0', '', '', '2023-06-10'),
(211, '2206', 'ARADHYA MAURYA', 211, 'aradhya.2206@mpsvns.in', NULL, NULL, 'VINOD KUMAR MAURYA', '', '', '0', NULL, 1, '0', '0', '', '', '2023-06-10'),
(212, '1845', 'PRANJAL YADAV', 212, 'pranjal.1845@mpsvns.in', NULL, NULL, '', '', '', '0', NULL, 1, '0', '0', '', '', '2023-06-10'),
(213, '1910', 'ANSH KUMAR SINGH', 213, 'ansh.1910@mpsvns.in', NULL, NULL, '', '', '', '0', NULL, 1, '0', '0', '', '', '2023-06-10'),
(214, '2276', 'VAIBHAV SINGH', 214, 'vaibhav.2276@mpsvns.in', '', '', 'SARVESH ', '', '', '0', '', 1, '0', '0', '', '', '2023-06-10'),
(215, '2243', 'LUCKY GIRI', 215, 'lucky.2243@mpsvns.in', NULL, NULL, '', '', '', '0', NULL, 1, '0', '0', '', '', '2023-06-10'),
(216, '2242', 'SHIVANSH SINGH', 216, 'shivansh.2242@mpsvns.in', '', '', 'NARENDRA SINGH', '', '', '0', '', 1, '0', '0', '', '', '2023-06-10'),
(217, '2245', 'SHREYA MAURYA', 217, 'shreya.2245@mpsvns.in', NULL, NULL, '', '', '', '0', NULL, 1, '0', '0', '', '', '2023-06-10'),
(218, '2237', 'ARYAN KESHARI', 188, 'aryan.2237@mpsvns.in', NULL, NULL, '', '', '', '0', NULL, 1, '0', '0', '', '', '2023-06-10'),
(219, '2105', 'CHITRA SINGH', 287, 'chitra.2105@mpsvns.in', '', '', 'NITESH KUMAR SINGH', '', '', '0', '', 1, '0', '0', '', '', '2023-06-10'),
(220, '2117', 'DEVANSHI SINGH', 220, 'devanshi.2117@mpsvns.in', '', '', 'ARVIND SINGH', '', '', '0', '', 1, '0', '0', '', '', '2023-06-10'),
(221, '2104', 'KARTIKEY SINGH', 221, 'kartikey.2104@mpsvns.in', '', '', '', '', '', '0', '', 1, '0', '0', '', '', '2023-06-10'),
(222, '2118', 'ABHINAV KUMAR', 222, 'krishti.2118@mpsvns.in', '', '', 'SANJAY KUMAR', '', '', '0', '', 1, '0', '0', '', '', '2023-06-10'),
(223, '2113', 'SHIVANI', 223, 'shivani.2113@mpsvns.in', NULL, NULL, 'MANOJ KUMAR VISHWAKARMA', '', '', '0', NULL, 1, '0', '0', '', '', '2023-06-10'),
(224, '2254', 'DANIYAL ANSARI', 224, 'daniyal.2254@mpsvns.in', NULL, NULL, 'JUNED AHMED ', '', '', '0', NULL, 1, '0', '0', '', '', '2023-06-10'),
(225, '2223', 'AYUSH KUMAR PATEL', 225, 'ayush.2223@mpsvns.in', NULL, NULL, 'SUNIL KUMAR', '', '', '0', NULL, 1, '0', '0', '', '', '2023-06-10'),
(226, '2228', 'TRIPTI ARYA', 226, 'tripti.2228@mpsvns.in', NULL, NULL, '', '', '', '0', NULL, 1, '0', '0', '', '', '2023-06-10'),
(227, '2236', 'SHREYANSH YADAV', 227, 'shreyansh.2236@mpsvns.in', NULL, NULL, '', '', '', '0', NULL, 1, '0', '0', '', '', '2023-06-10'),
(228, '2230', 'AKSHATA PANDEY', 255, 'akshata.2230@mpsvns.in', NULL, NULL, 'JITENDRA KUMAR PANDEY', '', '', '0', NULL, 1, '0', '0', '', '', '2023-06-10'),
(229, '2231', 'ZIKRA ANSARI', 229, 'zikra.2231@mpsvns.in', '', '', 'MOHAMD IRFAN ANSARI', '', '', '0', '', 1, '0', '0', '', '', '2023-06-10'),
(230, '2256', 'GAURAV PATEL', 230, 'gaurav.2274@mpsvns.in', '', '', '', '', '', '0', '', 1, '0', '0', '', '', '2023-06-10'),
(233, '2102', 'SIDDHI SINGH', 235, 'sakshi.2102@mpsvns.in', NULL, NULL, '', '', '', '0', NULL, 1, '0', '0', '', '', '2023-06-10'),
(234, '2114', 'SHIVA .', 234, 'shiva.2114@mpsvns.in', NULL, NULL, 'MANOJ KUMAR VISHWAKARMA', '', '', '0', NULL, 1, '0', '0', '', '', '2023-06-10'),
(235, '2101', 'SONAL SINGH', 235, 'sonal.2101@mpsvns.in', '', '', 'ABHISHEK KUMAR SINGH', '', '', '0', '', 1, '0', '0', '', '', '2023-06-10'),
(236, '2216', 'SHRESTH SHUKLA', 236, 'shresth.2216@mpsvns.in', NULL, NULL, '', '', '', '0', NULL, 1, '0', '0', '', '', '2023-06-10'),
(237, '2219', 'PRIYANSHI', 237, 'priyanshi.2219@mpsvns.in', NULL, NULL, '', '', '', '0', NULL, 1, '0', '0', '', '', '2023-06-10'),
(238, '2220', 'DRISTI PATEL', 238, 'dristi.2220@mpsvns.in', NULL, NULL, 'DIPAK', '', '', '0', NULL, 1, '0', '0', '', '', '2023-06-10'),
(239, '2221', 'ARUSH VISWAKARMA', 239, 'arush.2221@mpsvns.in', NULL, NULL, 'ANAND VISHWAKARMA', '', '', '0', NULL, 1, '0', '0', '', '', '2023-06-10'),
(241, '2277', 'ANANT YADAV', 241, 'anant.2277@mpsvns.in', NULL, NULL, '', '', '', '0', NULL, 1, '0', '0', '', '', '2023-06-10'),
(242, '2232', 'SIDDI SINGH', 242, 'siddi.2232@mpsvns.in', '', '', 'JANARDAN SINGH', '', '', '0', '', 1, '0', '0', '', '', '2023-06-10'),
(243, '2233', 'RIDDHI SINGH', 242, 'riddhi.2233@mpsvns.in', '', '', 'JANARDAN SINGH', '', '', '0', '', 1, '0', '0', '', '', '2023-06-10'),
(244, '2251', 'DARSHITA MISHRA', 244, 'darshita.2251@mpsvns.in', '', '', 'ASHISH', '', '', '0', '', 1, '0', '0', '', '', '2023-06-10'),
(245, '2253', 'AADVIK MISHRA', 244, 'aadvik.2253@mpsvns.in', '', '', 'ALOK KUMAR MISHRA', '', '', '0', '', 1, '0', '0', '', '', '2023-06-10'),
(246, '2226', 'ASHI SINGH', 101, 'ashi.2227@mpsvns.in', '', '', 'GAURAV KUMAR SINGH', '', '', '0', '', 1, '0', '0', '', '', '2023-06-10'),
(247, '2210', 'ISHAN MAURYA', 247, 'ishan.2210@mpsvns.in', '', '', 'VINOD KUMAR MAURYA', '', '', '0', '', 1, '0', '0', '', '', '2023-06-10'),
(248, '2212', 'PARTH SINGH', 248, 'parth.2212@mpsvns.in', NULL, NULL, 'RAM BILASH', '', '', '0', NULL, 1, '0', '0', '', '', '2023-06-10'),
(249, '2214', 'KARTIK SONI', 249, 'kartik.2214@mpsvns.in', NULL, NULL, 'AJAY KUMAR SONI', '', '', '0', NULL, 1, '0', '0', '', '', '2023-06-10'),
(250, '2222', 'OM', 250, 'om.2222@mpsvns.in', '', '', 'RITESH KUMAR SINGH', '', '', '0', '', 1, '0', '0', '', '', '2023-06-10'),
(251, '2224', 'VAMIKA GAUTAM', 251, 'vamika.2224@mpsvns.in', '', '', 'PUSHKAR KUMAR GAUTAM', '', '', '0', '', 1, '0', '0', '', '', '2023-06-10'),
(252, '2225', 'RISHABH GUPTA', 252, 'rishabh.2225@mpsvns.in', NULL, NULL, 'VIRENDRA KUMAR', '', '', '0', NULL, 1, '0', '0', '', '', '2023-06-10'),
(254, '2244', 'VIKKI GIRI', 254, 'vikki.2244@mpsvns.in', NULL, NULL, '', '', '', '0', NULL, 1, '0', '0', '', '', '2023-06-10'),
(255, '2229', 'PARTH PANDEY', 255, 'parth.2229@mpsvns.in', '', '', 'JITENDRA KUMAR PANDEY', '', '', '0', '', 1, '0', '0', '', '', '2023-06-10'),
(272, '1749', 'SHREYANSH KRISHAN ARYAN', 202, 'shreyansh.1749@mpsvns.in', NULL, NULL, 'RAM AVATAR', NULL, NULL, NULL, NULL, 1, NULL, NULL, NULL, NULL, '2023-06-10'),
(273, '2241', 'RUDRA TRIPATHI', 121, 'rudra.2241@mpsvns.in', '0', NULL, 'BHUNESHWAR TRIPATHI', '-', '-', '0', NULL, 1, '2022', NULL, '', '-', '2023-06-15'),
(274, '2252', 'SUMAN RAY', 256, 'suman.2252@mpsvns.in', '', '', 'SATISH KUMAR', '', '', '', '', 1, '', '', '', '', '2023-07-02'),
(275, '2263', 'HARDIK MISHRA', 275, 'hardik.2262@mpsvns.in', '', NULL, 'PANKAJ MISHRA', '', 'EKDANGA', '', NULL, 1, '', NULL, '', '', '2023-07-02'),
(276, '2112', 'SAKSHI MAURYA', 276, 'sakshi.2112@mpsvns.in', '', NULL, '', '', 'KUNDARIA', '', NULL, 1, '', NULL, '', '', '2023-07-02'),
(277, '2139', 'DIVYANS CHAURASIA', 277, 'divyans.2139@mpsvns.in', '', NULL, '', '', 'BADAURA', '', NULL, 1, '', NULL, '', '', '2023-07-02'),
(278, '2227', 'ARUSH RAMDULAR PANDEY', 278, 'arush.2227@mpsvns.in', '', NULL, '', '', 'BADAURA', '', NULL, 1, '', NULL, '', '', '2023-07-02'),
(279, '2115', 'ARYAN GUPTA', 57, '', '', NULL, 'GUNJAN BHARATI', '', '', '', NULL, 0, '', NULL, '', '', '2023-07-24'),
(280, '2126', 'PIYUSH KUMAR VERMA', 280, '', '666085499235', '27/01/2010', 'MANOJ KUMAR VERMA', 'SANJU DEVI', 'DASRATHPUR DEIPUR VARANASI', '', 'HINDU OBC', 1, '03/09/2021', '', 'OASIS PIBLIC SCHOOL ALAUDINPUR VARANASI', '', '2023-08-06'),
(281, '2306', 'DEVANSH SANDEEP TIWARI', 281, '', '', NULL, 'SANDEEP SHRIKANT TIWARI', 'GUNJA PADNEY', 'JHABRA DEIPUR VARANASI', '9987377315', NULL, 1, '2023', NULL, '', '', '2023-08-13'),
(282, '2314', 'KRISH KUMAR', 282, '', '', NULL, '', '', '', '', NULL, 1, '2023', NULL, '', '', '2023-08-13'),
(283, '2307', 'SAGAR SAINI', 283, '', '', NULL, 'SURAJ KUMAR SAINI', 'SIMA KUMARI', 'JHABRA DEIPUR VARANASI', '9069921063', NULL, 1, '2023', NULL, '', '', '2023-08-13'),
(284, '2308', 'PARIDHI DEVI', 284, '', '', NULL, 'SHRISH KUMAR DUBEY', 'RITU DEVI', 'JHABRA DEIPUR VARANASI', '7905729355', NULL, 1, '2023', NULL, '', '', '2023-08-13'),
(285, '2309', 'RITISH GUPTA`', 285, '', '', NULL, 'SURENDER GUPTA', 'RITU GUPTA', 'JHABRA DEIPUR VARANASI', '9451294936', NULL, 1, '2023', NULL, '', '', '2023-08-13'),
(287, '2311', 'SUDIKSHA SINGH', 287, '', '', '', 'NITESH KUMAR SINGH', 'SHWETA RAI', 'BASANTPUR VARANASI', '9621519826', '', 1, '2023', '', '', '', '2023-08-13'),
(288, '2312', 'SHIVANSH', 288, '', '', NULL, 'AJAY KUMAR PATEL', 'ANITA DEVI', 'JAJALPUR DEIPUR VARANASI', '7607513976', NULL, 1, '2023', NULL, '', '', '2023-08-13'),
(289, '2313', 'SNEHA PATEL', 289, '', '', NULL, 'RAJMANI', 'SUNITA DEVI', 'JALALPUR DEIPUR VARANASI', '7668661762', NULL, 1, '2023', NULL, '', '', '2023-08-13'),
(290, '2303', 'NAYARA', 290, '', '', NULL, 'RAM BABU', 'BEBEE', 'JHABRA DEIPUR VARANASI', '9918924973', NULL, 1, '2023', NULL, '', '', '2023-08-13'),
(291, '2304', 'DIVYANSHU ', 291, '', '', NULL, 'SANTOSH PATEL', 'ASHA PATEL', 'SARANGPUR DEIPUR VARANASI', '9335504092', NULL, 1, '2023', NULL, '', '', '2023-08-13'),
(292, '2305', 'GURUNAM SINGH', 292, '', '', NULL, 'AMIT KUMAR SINGH', 'NEHA RAI', 'KUNDARIA BENIPUR VARANASI', '6392679485', NULL, 1, '2023', NULL, '', '', '2023-08-13'),
(293, '2302', 'SHIVANSH PATEL', 293, '', '', NULL, 'PINTU ', 'MAMTA DEVI', 'JAJALPUR DEIPUR VARANASI', '9451294936', NULL, 1, '2023', NULL, '', '', '2023-08-13'),
(294, '2301', 'ANKITA TIWARI', 294, '', '', NULL, 'GAURAV TIWARI', 'NANDINI TIWARI', '', '7000241154', NULL, 1, '2023', NULL, '', '', '2023-08-13'),
(295, '2317', 'AMAAN ANSARI', 295, '', '', NULL, 'SHOEB', 'TARANNUM BANO', 'DINDASPUR JANSA VARANASI', '9839769462', NULL, 1, '2023', NULL, '', '', '2023-08-13'),
(296, '2316', 'RIYANSI', 296, '', '', NULL, 'RAM BABU', 'BEBEE', 'JHABRA DEIPUR VARANASI', '9565439833', NULL, 1, '2023', NULL, '', '', '2023-08-13'),
(297, '2320', 'SUMAN ', 297, '', '', NULL, 'SATISH KUMAR', 'NEETU', '', '', NULL, 1, '2023', NULL, '', '', '2023-08-13'),
(298, '2318', 'VIVANDHAR DUBEY', 298, '', '', '', 'VIVEK DHAR DUBEY', 'BINDU DEVI', 'GANJARI GANGAPUR VARANASI', '', '', 1, '2023', '', '', '', '2023-08-13'),
(299, '2319', 'ABHI DHAR DUBEY', 298, '', '', NULL, 'VIVEK DHAR DUBEY', 'BINDU DEVI', 'GANJARI GANGAPUR VARANASI', '8707658720', NULL, 1, '2023', NULL, '', '', '2023-08-13'),
(300, '2315', 'RAUNAK KUMAR GUPTA', 300, '', '', NULL, 'VINOD ', 'GYANI DEVI', 'JHABRA DEIPUR VARANASI', '8181916063', NULL, 1, '2023', NULL, '', '', '2023-08-13'),
(301, '2310', 'RATAN SINGH', 301, '', '', NULL, 'YOGESH KUMAR SINGH', 'RENU SINGH', 'SARANGPUR DEIPUR VARANASI', '9198120543', NULL, 1, '2023', NULL, '', '', '2023-08-13');

-- --------------------------------------------------------

--
-- Table structure for table `student_family`
--

CREATE TABLE `student_family` (
  `id` int(11) NOT NULL,
  `name` varchar(200) DEFAULT NULL,
  `address` varchar(200) DEFAULT NULL,
  `guardian_name` varchar(200) DEFAULT NULL
) ENGINE=InnoDB DEFAULT CHARSET=utf8 COLLATE=utf8_unicode_ci COMMENT='table for family wise fee detail calculation';

-- --------------------------------------------------------

--
-- Table structure for table `subjects`
--

CREATE TABLE `subjects` (
  `id` int(11) NOT NULL,
  `subject_name` varchar(100) DEFAULT NULL
) ENGINE=InnoDB DEFAULT CHARSET=utf8 COLLATE=utf8_unicode_ci;

--
-- Dumping data for table `subjects`
--

INSERT INTO `subjects` (`id`, `subject_name`) VALUES
(1, 'HINDI'),
(2, 'ENGLISH'),
(3, 'MATHEMATICS'),
(4, 'SCIENCE'),
(5, 'SOCIAL'),
(6, 'P.T.'),
(7, 'G.K.'),
(8, 'COMP'),
(9, 'APT'),
(10, 'ATT');

-- --------------------------------------------------------

--
-- Table structure for table `transport`
--

CREATE TABLE `transport` (
  `id` int(11) NOT NULL,
  `route_name` varchar(30) NOT NULL,
  `rfee` int(11) NOT NULL,
  `notes` varchar(50) DEFAULT NULL COMMENT 'storing vehicle, driver details'
) ENGINE=InnoDB DEFAULT CHARSET=utf8 COLLATE=utf8_unicode_ci;

--
-- Dumping data for table `transport`
--

INSERT INTO `transport` (`id`, `route_name`, `rfee`, `notes`) VALUES
(1, 'SUMERAPUR', 700, NULL),
(2, 'JANSA', 600, NULL),
(3, 'BADAURA', 600, NULL),
(4, 'MOHAMMADPUR', 600, NULL),
(5, 'GORAI', 700, NULL),
(6, 'KUNDARIA', 800, NULL),
(7, 'BENIPUR', 800, NULL),
(8, 'BHIKHAMPUR', 800, NULL),
(9, 'SAMBHUPUR', 800, NULL),
(10, 'HATHI', 800, NULL),
(11, 'DASRATHPUR', 800, NULL),
(12, 'KARDHANA', 800, NULL),
(13, 'BASANTPUR', 800, NULL),
(14, 'TARSAW', 800, NULL),
(15, 'SAPREHTA', 1000, NULL),
(16, 'DILAWALPUR', 1000, NULL),
(17, 'KUNDARIA HALF TIP', 400, NULL);

--
-- Indexes for dumped tables
--

--
-- Indexes for table `constants`
--
ALTER TABLE `constants`
  ADD PRIMARY KEY (`id`);

--
-- Indexes for table `exams`
--
ALTER TABLE `exams`
  ADD PRIMARY KEY (`id`);

--
-- Indexes for table `exam_results`
--
ALTER TABLE `exam_results`
  ADD PRIMARY KEY (`id`),
  ADD KEY `admno` (`admno`),
  ADD KEY `subject_id` (`subject_id`),
  ADD KEY `exam_id` (`exam_id`);

--
-- Indexes for table `fees`
--
ALTER TABLE `fees`
  ADD PRIMARY KEY (`id`),
  ADD UNIQUE KEY `fee` (`fee`,`class`,`type`,`months_applicable`,`month_show`,`frequency`);

--
-- Indexes for table `receipts`
--
ALTER TABLE `receipts`
  ADD PRIMARY KEY (`id`);

--
-- Indexes for table `receipt_count`
--
ALTER TABLE `receipt_count`
  ADD PRIMARY KEY (`id`);

--
-- Indexes for table `student_2022`
--
ALTER TABLE `student_2022`
  ADD PRIMARY KEY (`id`),
  ADD UNIQUE KEY `admno` (`admno`),
  ADD UNIQUE KEY `admno_2` (`admno`);

--
-- Indexes for table `student_2023`
--
ALTER TABLE `student_2023`
  ADD PRIMARY KEY (`id`),
  ADD UNIQUE KEY `admno` (`admno`),
  ADD UNIQUE KEY `admno_2` (`admno`);

--
-- Indexes for table `student_detail`
--
ALTER TABLE `student_detail`
  ADD PRIMARY KEY (`id`),
  ADD UNIQUE KEY `admno` (`admno`),
  ADD UNIQUE KEY `admno_2` (`admno`);

--
-- Indexes for table `student_family`
--
ALTER TABLE `student_family`
  ADD PRIMARY KEY (`id`);

--
-- Indexes for table `subjects`
--
ALTER TABLE `subjects`
  ADD PRIMARY KEY (`id`);

--
-- Indexes for table `transport`
--
ALTER TABLE `transport`
  ADD PRIMARY KEY (`id`);

--
-- AUTO_INCREMENT for dumped tables
--

--
-- AUTO_INCREMENT for table `exams`
--
ALTER TABLE `exams`
  MODIFY `id` int(11) NOT NULL AUTO_INCREMENT, AUTO_INCREMENT=3;

--
-- AUTO_INCREMENT for table `exam_results`
--
ALTER TABLE `exam_results`
  MODIFY `id` int(11) NOT NULL AUTO_INCREMENT, AUTO_INCREMENT=4347;

--
-- AUTO_INCREMENT for table `fees`
--
ALTER TABLE `fees`
  MODIFY `id` int(11) NOT NULL AUTO_INCREMENT, AUTO_INCREMENT=152;

--
-- AUTO_INCREMENT for table `receipts`
--
ALTER TABLE `receipts`
  MODIFY `id` int(100) NOT NULL AUTO_INCREMENT, AUTO_INCREMENT=93;

--
-- AUTO_INCREMENT for table `student_2022`
--
ALTER TABLE `student_2022`
  MODIFY `id` int(11) NOT NULL AUTO_INCREMENT, AUTO_INCREMENT=232;

--
-- AUTO_INCREMENT for table `student_2023`
--
ALTER TABLE `student_2023`
  MODIFY `id` int(11) NOT NULL AUTO_INCREMENT, AUTO_INCREMENT=278;

--
-- AUTO_INCREMENT for table `student_detail`
--
ALTER TABLE `student_detail`
  MODIFY `id` int(11) NOT NULL AUTO_INCREMENT, AUTO_INCREMENT=302;

--
-- AUTO_INCREMENT for table `student_family`
--
ALTER TABLE `student_family`
  MODIFY `id` int(11) NOT NULL AUTO_INCREMENT;

--
-- AUTO_INCREMENT for table `subjects`
--
ALTER TABLE `subjects`
  MODIFY `id` int(11) NOT NULL AUTO_INCREMENT, AUTO_INCREMENT=11;

--
-- AUTO_INCREMENT for table `transport`
--
ALTER TABLE `transport`
  MODIFY `id` int(11) NOT NULL AUTO_INCREMENT, AUTO_INCREMENT=18;

--
-- Constraints for dumped tables
--

--
-- Constraints for table `exam_results`
--
ALTER TABLE `exam_results`
  ADD CONSTRAINT `exam_results_ibfk_1` FOREIGN KEY (`admno`) REFERENCES `student_detail` (`admno`),
  ADD CONSTRAINT `exam_results_ibfk_2` FOREIGN KEY (`subject_id`) REFERENCES `subjects` (`id`),
  ADD CONSTRAINT `exam_results_ibfk_3` FOREIGN KEY (`exam_id`) REFERENCES `exams` (`id`);
COMMIT;

/*!40101 SET CHARACTER_SET_CLIENT=@OLD_CHARACTER_SET_CLIENT */;
/*!40101 SET CHARACTER_SET_RESULTS=@OLD_CHARACTER_SET_RESULTS */;
/*!40101 SET COLLATION_CONNECTION=@OLD_COLLATION_CONNECTION */;
